mode: set
github.com/sanity-io/mendoza/differ.go:18.58,20.2 1 0
github.com/sanity-io/mendoza/differ.go:26.71,28.2 1 1
github.com/sanity-io/mendoza/differ.go:31.77,32.17 1 0
github.com/sanity-io/mendoza/differ.go:32.17,33.19 1 0
github.com/sanity-io/mendoza/differ.go:33.19,35.4 1 0
github.com/sanity-io/mendoza/differ.go:36.3,36.37 1 0
github.com/sanity-io/mendoza/differ.go:39.2,40.16 2 0
github.com/sanity-io/mendoza/differ.go:40.16,42.3 1 0
github.com/sanity-io/mendoza/differ.go:43.2,44.16 2 0
github.com/sanity-io/mendoza/differ.go:44.16,46.3 1 0
github.com/sanity-io/mendoza/differ.go:48.2,54.28 3 0
github.com/sanity-io/mendoza/differ.go:59.90,60.33 1 1
github.com/sanity-io/mendoza/differ.go:60.33,62.3 1 0
github.com/sanity-io/mendoza/differ.go:64.2,64.17 1 1
github.com/sanity-io/mendoza/differ.go:64.17,66.3 1 0
github.com/sanity-io/mendoza/differ.go:68.2,68.18 1 1
github.com/sanity-io/mendoza/differ.go:68.18,70.3 1 0
github.com/sanity-io/mendoza/differ.go:72.2,73.16 2 1
github.com/sanity-io/mendoza/differ.go:73.16,75.3 1 0
github.com/sanity-io/mendoza/differ.go:76.2,77.16 2 1
github.com/sanity-io/mendoza/differ.go:77.16,79.3 1 0
github.com/sanity-io/mendoza/differ.go:81.2,96.53 5 1
github.com/sanity-io/mendoza/differ.go:130.32,133.41 2 1
github.com/sanity-io/mendoza/differ.go:133.41,136.3 1 1
github.com/sanity-io/mendoza/differ.go:138.2,150.22 4 1
github.com/sanity-io/mendoza/differ.go:150.22,152.3 1 1
github.com/sanity-io/mendoza/differ.go:154.2,154.18 1 1
github.com/sanity-io/mendoza/differ.go:165.69,166.21 1 1
github.com/sanity-io/mendoza/differ.go:166.21,170.3 3 1
github.com/sanity-io/mendoza/differ.go:173.55,174.20 1 1
github.com/sanity-io/mendoza/differ.go:174.20,176.3 1 1
github.com/sanity-io/mendoza/differ.go:178.2,180.27 2 1
github.com/sanity-io/mendoza/differ.go:180.27,183.3 2 1
github.com/sanity-io/mendoza/differ.go:185.2,185.29 1 1
github.com/sanity-io/mendoza/differ.go:185.29,188.3 2 1
github.com/sanity-io/mendoza/differ.go:190.2,190.49 1 1
github.com/sanity-io/mendoza/differ.go:190.49,193.3 2 1
github.com/sanity-io/mendoza/differ.go:196.52,197.14 1 1
github.com/sanity-io/mendoza/differ.go:197.14,200.3 2 1
github.com/sanity-io/mendoza/differ.go:202.2,207.33 4 1
github.com/sanity-io/mendoza/differ.go:207.33,209.3 1 1
github.com/sanity-io/mendoza/differ.go:209.8,211.3 1 0
github.com/sanity-io/mendoza/differ.go:213.2,213.29 1 1
github.com/sanity-io/mendoza/differ.go:216.51,217.14 1 1
github.com/sanity-io/mendoza/differ.go:217.14,220.3 1 1
github.com/sanity-io/mendoza/differ.go:222.2,227.33 4 0
github.com/sanity-io/mendoza/differ.go:227.33,229.3 1 0
github.com/sanity-io/mendoza/differ.go:229.8,231.3 1 0
github.com/sanity-io/mendoza/differ.go:233.2,233.29 1 0
github.com/sanity-io/mendoza/differ.go:271.62,276.2 4 1
github.com/sanity-io/mendoza/differ.go:278.99,283.30 3 1
github.com/sanity-io/mendoza/differ.go:283.30,289.3 2 1
github.com/sanity-io/mendoza/differ.go:291.2,291.15 1 0
github.com/sanity-io/mendoza/differ.go:291.15,292.22 1 0
github.com/sanity-io/mendoza/differ.go:292.22,295.4 1 0
github.com/sanity-io/mendoza/differ.go:297.3,297.38 1 0
github.com/sanity-io/mendoza/differ.go:297.38,300.4 1 0
github.com/sanity-io/mendoza/differ.go:303.2,306.3 1 0
github.com/sanity-io/mendoza/differ.go:309.69,312.2 2 0
github.com/sanity-io/mendoza/differ.go:314.95,316.2 1 0
github.com/sanity-io/mendoza/differ.go:318.58,341.27 3 1
github.com/sanity-io/mendoza/differ.go:341.27,342.54 1 1
github.com/sanity-io/mendoza/differ.go:342.54,343.12 1 0
github.com/sanity-io/mendoza/differ.go:346.3,348.40 3 1
github.com/sanity-io/mendoza/differ.go:351.2,354.55 2 1
github.com/sanity-io/mendoza/differ.go:354.55,360.57 4 1
github.com/sanity-io/mendoza/differ.go:360.57,363.29 2 1
github.com/sanity-io/mendoza/differ.go:363.29,364.74 1 1
github.com/sanity-io/mendoza/differ.go:364.74,368.6 3 0
github.com/sanity-io/mendoza/differ.go:373.2,373.55 1 1
github.com/sanity-io/mendoza/differ.go:373.55,377.62 3 1
github.com/sanity-io/mendoza/differ.go:377.62,380.36 2 1
github.com/sanity-io/mendoza/differ.go:380.36,382.45 2 1
github.com/sanity-io/mendoza/differ.go:382.45,384.6 1 1
github.com/sanity-io/mendoza/differ.go:390.2,390.34 1 1
github.com/sanity-io/mendoza/differ.go:390.34,394.56 3 1
github.com/sanity-io/mendoza/differ.go:394.56,400.42 4 1
github.com/sanity-io/mendoza/differ.go:400.42,401.31 1 1
github.com/sanity-io/mendoza/differ.go:401.31,404.24 2 1
github.com/sanity-io/mendoza/differ.go:404.24,405.12 1 0
github.com/sanity-io/mendoza/differ.go:408.6,408.25 1 1
github.com/sanity-io/mendoza/differ.go:408.25,416.12 4 1
github.com/sanity-io/mendoza/differ.go:419.6,419.24 1 1
github.com/sanity-io/mendoza/differ.go:422.4,422.7 1 1
github.com/sanity-io/mendoza/differ.go:426.2,426.55 1 1
github.com/sanity-io/mendoza/differ.go:426.55,428.3 1 1
github.com/sanity-io/mendoza/differ.go:430.2,430.34 1 1
github.com/sanity-io/mendoza/differ.go:430.34,438.62 5 1
github.com/sanity-io/mendoza/differ.go:438.62,440.43 2 1
github.com/sanity-io/mendoza/differ.go:440.44,442.5 0 1
github.com/sanity-io/mendoza/differ.go:442.10,444.5 1 0
github.com/sanity-io/mendoza/differ.go:447.3,452.31 4 1
github.com/sanity-io/mendoza/differ.go:452.31,457.4 1 1
github.com/sanity-io/mendoza/differ.go:459.3,459.13 1 1
github.com/sanity-io/mendoza/differ.go:459.13,461.4 1 1
github.com/sanity-io/mendoza/differ.go:461.9,463.4 1 1
github.com/sanity-io/mendoza/differ.go:465.3,467.13 2 1
github.com/sanity-io/mendoza/differ.go:467.13,469.41 1 1
github.com/sanity-io/mendoza/differ.go:469.41,472.5 2 0
github.com/sanity-io/mendoza/differ.go:475.3,475.56 1 1
github.com/sanity-io/mendoza/differ.go:475.56,479.45 3 1
github.com/sanity-io/mendoza/differ.go:479.45,480.22 1 1
github.com/sanity-io/mendoza/differ.go:480.22,481.17 1 1
github.com/sanity-io/mendoza/differ.go:481.17,485.7 2 0
github.com/sanity-io/mendoza/differ.go:486.11,492.6 2 0
github.com/sanity-io/mendoza/differ.go:493.10,497.72 2 1
github.com/sanity-io/mendoza/differ.go:497.72,498.48 1 1
github.com/sanity-io/mendoza/differ.go:498.48,500.32 1 1
github.com/sanity-io/mendoza/differ.go:500.32,504.42 3 0
github.com/sanity-io/mendoza/differ.go:504.42,507.9 2 0
github.com/sanity-io/mendoza/differ.go:507.14,510.9 2 0
github.com/sanity-io/mendoza/differ.go:511.8,511.23 1 0
github.com/sanity-io/mendoza/differ.go:514.7,514.12 1 1
github.com/sanity-io/mendoza/differ.go:518.5,518.18 1 1
github.com/sanity-io/mendoza/differ.go:518.18,524.6 2 1
github.com/sanity-io/mendoza/differ.go:528.3,529.68 2 1
github.com/sanity-io/mendoza/differ.go:549.64,553.2 3 1
github.com/sanity-io/mendoza/differ.go:555.101,561.34 2 1
github.com/sanity-io/mendoza/differ.go:561.34,564.3 1 0
github.com/sanity-io/mendoza/differ.go:566.2,566.60 1 1
github.com/sanity-io/mendoza/differ.go:566.60,567.46 1 1
github.com/sanity-io/mendoza/differ.go:567.46,576.4 4 1
github.com/sanity-io/mendoza/differ.go:578.3,578.44 1 1
github.com/sanity-io/mendoza/differ.go:578.44,581.10 1 1
github.com/sanity-io/mendoza/differ.go:581.10,585.5 1 0
github.com/sanity-io/mendoza/differ.go:589.2,589.45 1 1
github.com/sanity-io/mendoza/differ.go:589.45,592.3 1 0
github.com/sanity-io/mendoza/differ.go:594.2,597.3 1 1
github.com/sanity-io/mendoza/differ.go:600.60,606.27 3 1
github.com/sanity-io/mendoza/differ.go:606.27,607.56 1 1
github.com/sanity-io/mendoza/differ.go:607.56,608.12 1 0
github.com/sanity-io/mendoza/differ.go:611.3,613.40 3 1
github.com/sanity-io/mendoza/differ.go:616.2,616.55 1 1
github.com/sanity-io/mendoza/differ.go:616.55,620.64 3 1
github.com/sanity-io/mendoza/differ.go:620.64,623.36 2 1
github.com/sanity-io/mendoza/differ.go:623.36,625.45 2 1
github.com/sanity-io/mendoza/differ.go:625.45,627.6 1 1
github.com/sanity-io/mendoza/differ.go:633.2,633.34 1 1
github.com/sanity-io/mendoza/differ.go:633.34,637.56 3 1
github.com/sanity-io/mendoza/differ.go:637.56,638.28 1 1
github.com/sanity-io/mendoza/differ.go:638.28,639.10 1 0
github.com/sanity-io/mendoza/differ.go:642.4,644.62 2 1
github.com/sanity-io/mendoza/differ.go:644.62,653.5 3 0
github.com/sanity-io/mendoza/differ.go:655.4,656.22 2 1
github.com/sanity-io/mendoza/differ.go:660.2,660.55 1 1
github.com/sanity-io/mendoza/differ.go:660.55,662.3 1 1
github.com/sanity-io/mendoza/differ.go:664.2,664.34 1 1
github.com/sanity-io/mendoza/differ.go:664.34,674.56 7 1
github.com/sanity-io/mendoza/differ.go:674.56,678.40 3 1
github.com/sanity-io/mendoza/differ.go:678.40,679.25 1 1
github.com/sanity-io/mendoza/differ.go:679.25,681.6 1 1
github.com/sanity-io/mendoza/differ.go:683.5,683.29 1 1
github.com/sanity-io/mendoza/differ.go:683.30,685.6 0 1
github.com/sanity-io/mendoza/differ.go:685.11,689.6 3 1
github.com/sanity-io/mendoza/differ.go:690.10,693.53 2 0
github.com/sanity-io/mendoza/differ.go:693.53,694.45 1 0
github.com/sanity-io/mendoza/differ.go:694.45,695.34 1 0
github.com/sanity-io/mendoza/differ.go:695.34,702.8 5 0
github.com/sanity-io/mendoza/differ.go:704.7,704.12 1 0
github.com/sanity-io/mendoza/differ.go:708.5,708.18 1 0
github.com/sanity-io/mendoza/differ.go:708.18,711.6 2 0
github.com/sanity-io/mendoza/differ.go:715.3,716.68 2 1
github.com/sanity-io/mendoza/differ.go:723.36,725.31 2 1
github.com/sanity-io/mendoza/differ.go:725.31,728.15 3 1
github.com/sanity-io/mendoza/differ.go:728.15,729.9 1 1
github.com/sanity-io/mendoza/differ.go:731.3,731.12 1 1
github.com/sanity-io/mendoza/differ.go:733.2,733.10 1 1
github.com/sanity-io/mendoza/differ.go:736.48,738.45 2 1
github.com/sanity-io/mendoza/differ.go:738.45,742.15 3 1
github.com/sanity-io/mendoza/differ.go:742.15,743.9 1 1
github.com/sanity-io/mendoza/differ.go:746.3,746.12 1 1
github.com/sanity-io/mendoza/differ.go:748.2,748.10 1 1
github.com/sanity-io/mendoza/differ.go:751.81,752.32 1 1
github.com/sanity-io/mendoza/differ.go:752.32,756.10 3 1
github.com/sanity-io/mendoza/differ.go:756.10,757.12 1 0
github.com/sanity-io/mendoza/differ.go:760.3,760.32 1 1
github.com/sanity-io/mendoza/differ.go:760.32,761.49 1 0
github.com/sanity-io/mendoza/differ.go:764.3,772.17 6 1
github.com/sanity-io/mendoza/differ.go:772.17,775.4 2 1
github.com/sanity-io/mendoza/differ.go:777.3,780.19 3 1
github.com/sanity-io/mendoza/differ.go:780.19,783.4 2 1
github.com/sanity-io/mendoza/differ.go:785.3,785.17 1 1
github.com/sanity-io/mendoza/differ.go:785.17,788.4 2 1
github.com/sanity-io/mendoza/differ.go:790.3,791.72 2 1
github.com/sanity-io/mendoza/format.go:66.37,68.16 2 1
github.com/sanity-io/mendoza/format.go:68.16,70.3 1 1
github.com/sanity-io/mendoza/format.go:72.2,73.14 2 1
github.com/sanity-io/mendoza/format.go:74.17,75.18 1 1
github.com/sanity-io/mendoza/format.go:76.16,77.17 1 0
github.com/sanity-io/mendoza/format.go:78.17,79.18 1 1
github.com/sanity-io/mendoza/format.go:80.27,81.28 1 0
github.com/sanity-io/mendoza/format.go:82.28,83.29 1 0
github.com/sanity-io/mendoza/format.go:84.35,85.36 1 0
github.com/sanity-io/mendoza/format.go:86.21,87.22 1 0
github.com/sanity-io/mendoza/format.go:88.23,89.24 1 0
github.com/sanity-io/mendoza/format.go:90.22,91.23 1 0
github.com/sanity-io/mendoza/format.go:92.15,93.16 1 0
github.com/sanity-io/mendoza/format.go:94.25,95.26 1 0
github.com/sanity-io/mendoza/format.go:96.26,97.27 1 0
github.com/sanity-io/mendoza/format.go:98.27,99.28 1 0
github.com/sanity-io/mendoza/format.go:100.28,101.29 1 0
github.com/sanity-io/mendoza/format.go:102.31,103.32 1 0
github.com/sanity-io/mendoza/format.go:104.38,105.39 1 0
github.com/sanity-io/mendoza/format.go:106.30,107.31 1 0
github.com/sanity-io/mendoza/format.go:108.31,109.32 1 1
github.com/sanity-io/mendoza/format.go:110.27,111.28 1 0
github.com/sanity-io/mendoza/format.go:112.29,113.30 1 0
github.com/sanity-io/mendoza/format.go:114.28,115.29 1 0
github.com/sanity-io/mendoza/format.go:116.28,117.29 1 1
github.com/sanity-io/mendoza/format.go:118.30,119.31 1 0
github.com/sanity-io/mendoza/format.go:120.29,121.30 1 0
github.com/sanity-io/mendoza/format.go:122.10,123.53 1 0
github.com/sanity-io/mendoza/format.go:126.2,127.16 2 1
github.com/sanity-io/mendoza/format.go:127.16,129.3 1 0
github.com/sanity-io/mendoza/format.go:130.2,130.16 1 1
github.com/sanity-io/mendoza/format.go:134.37,137.19 2 1
github.com/sanity-io/mendoza/format.go:138.16,139.19 1 1
github.com/sanity-io/mendoza/format.go:140.15,141.18 1 0
github.com/sanity-io/mendoza/format.go:142.16,143.19 1 1
github.com/sanity-io/mendoza/format.go:144.26,145.29 1 0
github.com/sanity-io/mendoza/format.go:146.27,147.30 1 0
github.com/sanity-io/mendoza/format.go:148.34,149.37 1 0
github.com/sanity-io/mendoza/format.go:150.20,151.23 1 0
github.com/sanity-io/mendoza/format.go:152.22,153.25 1 0
github.com/sanity-io/mendoza/format.go:154.21,155.24 1 0
github.com/sanity-io/mendoza/format.go:156.14,157.17 1 0
github.com/sanity-io/mendoza/format.go:158.24,159.27 1 0
github.com/sanity-io/mendoza/format.go:160.25,161.28 1 0
github.com/sanity-io/mendoza/format.go:162.26,163.29 1 0
github.com/sanity-io/mendoza/format.go:164.27,165.30 1 0
github.com/sanity-io/mendoza/format.go:166.30,167.33 1 0
github.com/sanity-io/mendoza/format.go:168.37,169.40 1 0
github.com/sanity-io/mendoza/format.go:170.29,171.32 1 0
github.com/sanity-io/mendoza/format.go:172.30,173.33 1 1
github.com/sanity-io/mendoza/format.go:174.26,175.29 1 0
github.com/sanity-io/mendoza/format.go:176.28,177.31 1 0
github.com/sanity-io/mendoza/format.go:178.27,179.30 1 0
github.com/sanity-io/mendoza/format.go:180.27,181.30 1 1
github.com/sanity-io/mendoza/format.go:182.29,183.32 1 0
github.com/sanity-io/mendoza/format.go:184.28,185.31 1 0
github.com/sanity-io/mendoza/format.go:188.2,189.16 2 1
github.com/sanity-io/mendoza/format.go:189.16,191.3 1 0
github.com/sanity-io/mendoza/format.go:193.2,194.16 2 1
github.com/sanity-io/mendoza/format.go:194.16,196.3 1 0
github.com/sanity-io/mendoza/format.go:198.2,198.12 1 1
github.com/sanity-io/mendoza/format.go:202.44,203.27 1 1
github.com/sanity-io/mendoza/format.go:203.27,205.17 2 1
github.com/sanity-io/mendoza/format.go:205.17,207.4 1 0
github.com/sanity-io/mendoza/format.go:210.2,210.12 1 1
github.com/sanity-io/mendoza/format.go:213.46,216.6 2 1
github.com/sanity-io/mendoza/format.go:216.6,218.20 2 1
github.com/sanity-io/mendoza/format.go:218.20,219.9 1 1
github.com/sanity-io/mendoza/format.go:222.3,222.17 1 1
github.com/sanity-io/mendoza/format.go:222.17,224.4 1 0
github.com/sanity-io/mendoza/format.go:226.3,226.30 1 1
github.com/sanity-io/mendoza/format.go:229.2,229.12 1 1
github.com/sanity-io/mendoza/format.go:232.61,234.16 2 1
github.com/sanity-io/mendoza/format.go:234.16,236.3 1 1
github.com/sanity-io/mendoza/format.go:238.2,238.16 1 1
github.com/sanity-io/mendoza/format.go:238.16,240.3 1 0
github.com/sanity-io/mendoza/format.go:242.2,242.24 1 1
github.com/sanity-io/mendoza/format.go:245.58,247.16 2 1
github.com/sanity-io/mendoza/format.go:247.16,249.3 1 1
github.com/sanity-io/mendoza/format.go:253.2,253.27 1 1
github.com/sanity-io/mendoza/format.go:254.15,256.19 2 1
github.com/sanity-io/mendoza/format.go:256.19,258.4 1 0
github.com/sanity-io/mendoza/format.go:259.3,259.17 1 1
github.com/sanity-io/mendoza/format.go:259.17,261.4 1 0
github.com/sanity-io/mendoza/format.go:262.3,262.26 1 1
github.com/sanity-io/mendoza/format.go:263.11,264.14 1 0
github.com/sanity-io/mendoza/format.go:264.14,266.4 1 0
github.com/sanity-io/mendoza/format.go:267.3,267.18 1 0
github.com/sanity-io/mendoza/format.go:268.10,269.50 1 0
github.com/sanity-io/mendoza/format.go:273.63,275.16 2 1
github.com/sanity-io/mendoza/format.go:275.16,277.3 1 0
github.com/sanity-io/mendoza/format.go:279.2,280.9 2 1
github.com/sanity-io/mendoza/format.go:280.9,282.3 1 0
github.com/sanity-io/mendoza/format.go:284.2,284.17 1 1
github.com/sanity-io/mendoza/format.go:289.53,292.2 2 1
github.com/sanity-io/mendoza/format.go:294.54,297.2 2 1
github.com/sanity-io/mendoza/format.go:299.52,301.2 1 0
github.com/sanity-io/mendoza/format.go:303.53,305.2 1 0
github.com/sanity-io/mendoza/format.go:307.53,309.2 1 1
github.com/sanity-io/mendoza/format.go:311.54,313.2 1 1
github.com/sanity-io/mendoza/format.go:315.64,318.2 2 1
github.com/sanity-io/mendoza/format.go:320.65,323.2 2 1
github.com/sanity-io/mendoza/format.go:325.71,327.2 1 0
github.com/sanity-io/mendoza/format.go:329.72,331.2 1 0
github.com/sanity-io/mendoza/format.go:333.63,335.2 1 0
github.com/sanity-io/mendoza/format.go:337.64,339.2 1 0
github.com/sanity-io/mendoza/format.go:341.57,344.2 2 0
github.com/sanity-io/mendoza/format.go:346.58,349.2 2 0
github.com/sanity-io/mendoza/format.go:351.59,354.2 2 0
github.com/sanity-io/mendoza/format.go:356.60,359.2 2 0
github.com/sanity-io/mendoza/format.go:361.58,364.2 2 0
github.com/sanity-io/mendoza/format.go:366.59,369.2 2 0
github.com/sanity-io/mendoza/format.go:371.51,373.2 1 0
github.com/sanity-io/mendoza/format.go:375.52,377.2 1 0
github.com/sanity-io/mendoza/format.go:381.61,384.2 2 0
github.com/sanity-io/mendoza/format.go:386.62,389.2 2 0
github.com/sanity-io/mendoza/format.go:391.62,394.2 2 0
github.com/sanity-io/mendoza/format.go:396.63,399.2 2 0
github.com/sanity-io/mendoza/format.go:401.63,404.2 2 0
github.com/sanity-io/mendoza/format.go:406.64,409.2 2 0
github.com/sanity-io/mendoza/format.go:411.64,414.2 2 0
github.com/sanity-io/mendoza/format.go:416.65,419.2 2 0
github.com/sanity-io/mendoza/format.go:421.67,424.2 2 0
github.com/sanity-io/mendoza/format.go:426.68,429.2 2 0
github.com/sanity-io/mendoza/format.go:431.74,433.2 1 0
github.com/sanity-io/mendoza/format.go:435.75,437.2 1 0
github.com/sanity-io/mendoza/format.go:439.66,442.2 2 0
github.com/sanity-io/mendoza/format.go:444.67,447.2 2 0
github.com/sanity-io/mendoza/format.go:449.67,451.16 2 1
github.com/sanity-io/mendoza/format.go:451.16,453.3 1 0
github.com/sanity-io/mendoza/format.go:454.2,455.8 2 1
github.com/sanity-io/mendoza/format.go:458.68,460.16 2 1
github.com/sanity-io/mendoza/format.go:460.16,462.3 1 0
github.com/sanity-io/mendoza/format.go:463.2,464.8 2 1
github.com/sanity-io/mendoza/format.go:467.63,469.16 2 0
github.com/sanity-io/mendoza/format.go:469.16,471.3 1 0
github.com/sanity-io/mendoza/format.go:472.2,472.8 1 0
github.com/sanity-io/mendoza/format.go:475.64,477.16 2 0
github.com/sanity-io/mendoza/format.go:477.16,479.3 1 0
github.com/sanity-io/mendoza/format.go:480.2,480.8 1 0
github.com/sanity-io/mendoza/format.go:483.65,486.2 2 0
github.com/sanity-io/mendoza/format.go:488.66,491.2 2 0
github.com/sanity-io/mendoza/format.go:493.64,496.2 2 0
github.com/sanity-io/mendoza/format.go:498.65,501.2 2 0
github.com/sanity-io/mendoza/format.go:503.64,505.16 2 1
github.com/sanity-io/mendoza/format.go:505.16,507.3 1 0
github.com/sanity-io/mendoza/format.go:508.2,509.8 2 1
github.com/sanity-io/mendoza/format.go:512.65,514.16 2 1
github.com/sanity-io/mendoza/format.go:514.16,516.3 1 0
github.com/sanity-io/mendoza/format.go:517.2,518.8 2 1
github.com/sanity-io/mendoza/format.go:521.66,524.2 2 0
github.com/sanity-io/mendoza/format.go:526.67,529.2 2 0
github.com/sanity-io/mendoza/format.go:531.65,533.16 2 0
github.com/sanity-io/mendoza/format.go:533.16,535.3 1 0
github.com/sanity-io/mendoza/format.go:536.2,537.8 2 0
github.com/sanity-io/mendoza/format.go:540.66,542.16 2 0
github.com/sanity-io/mendoza/format.go:542.16,544.3 1 0
github.com/sanity-io/mendoza/format.go:545.2,546.8 2 0
github.com/sanity-io/mendoza/json.go:15.48,17.2 1 1
github.com/sanity-io/mendoza/json.go:19.45,21.2 1 1
github.com/sanity-io/mendoza/json.go:23.50,25.2 1 1
github.com/sanity-io/mendoza/json.go:27.54,30.16 3 1
github.com/sanity-io/mendoza/json.go:30.16,32.3 1 0
github.com/sanity-io/mendoza/json.go:33.2,34.12 2 1
github.com/sanity-io/mendoza/json.go:37.29,38.24 1 1
github.com/sanity-io/mendoza/json.go:38.24,40.3 1 1
github.com/sanity-io/mendoza/json.go:40.8,42.3 1 1
github.com/sanity-io/mendoza/json.go:45.40,46.24 1 1
github.com/sanity-io/mendoza/json.go:46.24,48.3 1 1
github.com/sanity-io/mendoza/json.go:50.2,51.17 2 1
github.com/sanity-io/mendoza/json.go:58.37,59.19 1 1
github.com/sanity-io/mendoza/json.go:59.19,61.17 2 1
github.com/sanity-io/mendoza/json.go:61.17,63.4 1 0
github.com/sanity-io/mendoza/json.go:64.3,64.27 1 1
github.com/sanity-io/mendoza/json.go:64.27,66.4 1 0
github.com/sanity-io/mendoza/json.go:68.3,68.16 1 1
github.com/sanity-io/mendoza/json.go:71.2,71.12 1 1
github.com/sanity-io/mendoza/json.go:74.49,76.2 1 1
github.com/sanity-io/mendoza/json.go:78.46,80.2 1 1
github.com/sanity-io/mendoza/json.go:82.51,84.2 1 1
github.com/sanity-io/mendoza/json.go:86.55,88.16 2 1
github.com/sanity-io/mendoza/json.go:88.16,90.3 1 1
github.com/sanity-io/mendoza/json.go:91.2,93.16 3 1
github.com/sanity-io/mendoza/json.go:93.16,95.3 1 0
github.com/sanity-io/mendoza/json.go:96.2,96.17 1 1
github.com/sanity-io/mendoza/json.go:99.42,101.16 2 1
github.com/sanity-io/mendoza/json.go:101.16,103.3 1 0
github.com/sanity-io/mendoza/json.go:105.2,105.26 1 1
github.com/sanity-io/mendoza/json.go:105.26,107.3 1 0
github.com/sanity-io/mendoza/json.go:109.2,109.12 1 1
github.com/sanity-io/mendoza/json.go:117.54,119.2 1 0
github.com/sanity-io/mendoza/json.go:121.51,123.2 1 0
github.com/sanity-io/mendoza/json.go:125.56,127.2 1 0
github.com/sanity-io/mendoza/json.go:129.60,130.26 1 0
github.com/sanity-io/mendoza/json.go:130.26,132.3 1 0
github.com/sanity-io/mendoza/json.go:133.2,135.25 3 0
github.com/sanity-io/mendoza/json.go:138.50,141.16 3 1
github.com/sanity-io/mendoza/json.go:141.16,143.3 1 0
github.com/sanity-io/mendoza/json.go:144.2,144.26 1 1
github.com/sanity-io/mendoza/json.go:147.54,153.16 3 1
github.com/sanity-io/mendoza/json.go:153.16,155.3 1 0
github.com/sanity-io/mendoza/json.go:157.2,157.27 1 1
github.com/sanity-io/mendoza/json.go:161.58,164.2 2 0
github.com/sanity-io/mendoza/options.go:14.97,17.2 2 0
github.com/sanity-io/mendoza/patcher.go:36.74,38.2 1 0
github.com/sanity-io/mendoza/patcher.go:44.60,46.2 1 1
github.com/sanity-io/mendoza/patcher.go:50.93,51.21 1 1
github.com/sanity-io/mendoza/patcher.go:51.21,53.3 1 1
github.com/sanity-io/mendoza/patcher.go:55.2,55.32 1 1
github.com/sanity-io/mendoza/patcher.go:55.32,57.3 1 0
github.com/sanity-io/mendoza/patcher.go:59.2,65.27 2 1
github.com/sanity-io/mendoza/patcher.go:65.27,66.40 1 1
github.com/sanity-io/mendoza/patcher.go:66.40,68.4 1 0
github.com/sanity-io/mendoza/patcher.go:71.2,71.24 1 1
github.com/sanity-io/mendoza/patcher.go:76.79,78.16 2 1
github.com/sanity-io/mendoza/patcher.go:78.16,79.13 1 0
github.com/sanity-io/mendoza/patcher.go:81.2,81.15 1 1
github.com/sanity-io/mendoza/patcher.go:84.36,86.2 1 0
github.com/sanity-io/mendoza/patcher.go:88.37,90.2 1 1
github.com/sanity-io/mendoza/patcher.go:92.50,93.34 1 1
github.com/sanity-io/mendoza/patcher.go:93.35,95.3 0 0
github.com/sanity-io/mendoza/patcher.go:97.2,97.55 1 1
github.com/sanity-io/mendoza/patcher.go:100.52,102.2 1 1
github.com/sanity-io/mendoza/patcher.go:104.48,105.33 1 1
github.com/sanity-io/mendoza/patcher.go:105.33,107.3 1 1
github.com/sanity-io/mendoza/patcher.go:109.2,109.32 1 1
github.com/sanity-io/mendoza/patcher.go:109.32,111.3 1 1
github.com/sanity-io/mendoza/patcher.go:113.2,113.35 1 1
github.com/sanity-io/mendoza/patcher.go:113.35,115.3 1 0
github.com/sanity-io/mendoza/patcher.go:117.2,117.21 1 1
github.com/sanity-io/mendoza/patcher.go:120.64,121.25 1 0
github.com/sanity-io/mendoza/patcher.go:121.25,123.10 2 0
github.com/sanity-io/mendoza/patcher.go:123.10,125.4 1 0
github.com/sanity-io/mendoza/patcher.go:126.3,128.24 3 0
github.com/sanity-io/mendoza/patcher.go:128.24,130.4 1 0
github.com/sanity-io/mendoza/patcher.go:131.3,132.28 2 0
github.com/sanity-io/mendoza/patcher.go:132.28,138.4 2 0
github.com/sanity-io/mendoza/patcher.go:139.3,139.24 1 0
github.com/sanity-io/mendoza/patcher.go:142.2,142.41 1 0
github.com/sanity-io/mendoza/patcher.go:142.41,144.3 1 0
github.com/sanity-io/mendoza/patcher.go:146.2,146.31 1 0
github.com/sanity-io/mendoza/patcher.go:149.71,151.9 2 0
github.com/sanity-io/mendoza/patcher.go:151.9,153.3 1 0
github.com/sanity-io/mendoza/patcher.go:154.2,154.17 1 0
github.com/sanity-io/mendoza/patcher.go:157.61,159.9 2 1
github.com/sanity-io/mendoza/patcher.go:159.9,161.3 1 0
github.com/sanity-io/mendoza/patcher.go:162.2,162.17 1 1
github.com/sanity-io/mendoza/patcher.go:165.55,167.9 2 0
github.com/sanity-io/mendoza/patcher.go:167.9,169.3 1 0
github.com/sanity-io/mendoza/patcher.go:170.2,170.17 1 0
github.com/sanity-io/mendoza/patcher.go:173.46,176.2 2 1
github.com/sanity-io/mendoza/patcher.go:178.72,181.33 2 1
github.com/sanity-io/mendoza/patcher.go:181.33,182.26 1 1
github.com/sanity-io/mendoza/patcher.go:182.26,184.4 1 0
github.com/sanity-io/mendoza/patcher.go:184.9,186.11 2 1
github.com/sanity-io/mendoza/patcher.go:186.11,188.5 1 0
github.com/sanity-io/mendoza/patcher.go:189.4,191.26 2 1
github.com/sanity-io/mendoza/patcher.go:191.26,193.5 1 1
github.com/sanity-io/mendoza/patcher.go:194.4,194.30 1 1
github.com/sanity-io/mendoza/patcher.go:198.2,198.34 1 1
github.com/sanity-io/mendoza/patcher.go:201.63,204.25 2 1
github.com/sanity-io/mendoza/patcher.go:204.25,206.10 2 0
github.com/sanity-io/mendoza/patcher.go:206.10,208.4 1 0
github.com/sanity-io/mendoza/patcher.go:209.3,211.21 3 0
github.com/sanity-io/mendoza/patcher.go:214.2,214.34 1 1
github.com/sanity-io/mendoza/patcher.go:217.57,220.25 2 0
github.com/sanity-io/mendoza/patcher.go:220.25,222.10 2 0
github.com/sanity-io/mendoza/patcher.go:222.10,224.4 1 0
github.com/sanity-io/mendoza/patcher.go:225.3,226.21 2 0
github.com/sanity-io/mendoza/patcher.go:229.2,229.35 1 0
github.com/sanity-io/mendoza/patcher.go:232.45,237.2 2 1
github.com/sanity-io/mendoza/patcher.go:239.44,245.2 3 0
github.com/sanity-io/mendoza/patcher.go:247.45,252.2 2 1
github.com/sanity-io/mendoza/patcher.go:254.56,258.16 4 1
github.com/sanity-io/mendoza/patcher.go:258.16,260.3 1 0
github.com/sanity-io/mendoza/patcher.go:261.2,262.12 2 1
github.com/sanity-io/mendoza/patcher.go:265.63,270.16 5 0
github.com/sanity-io/mendoza/patcher.go:270.16,272.3 1 0
github.com/sanity-io/mendoza/patcher.go:273.2,274.12 2 0
github.com/sanity-io/mendoza/patcher.go:277.55,281.16 4 0
github.com/sanity-io/mendoza/patcher.go:281.16,283.3 1 0
github.com/sanity-io/mendoza/patcher.go:284.2,285.12 2 0
github.com/sanity-io/mendoza/patcher.go:288.49,290.16 2 0
github.com/sanity-io/mendoza/patcher.go:290.16,292.3 1 0
github.com/sanity-io/mendoza/patcher.go:293.2,294.34 2 0
github.com/sanity-io/mendoza/patcher.go:294.34,296.3 1 0
github.com/sanity-io/mendoza/patcher.go:297.2,301.12 2 0
github.com/sanity-io/mendoza/patcher.go:304.51,306.16 2 0
github.com/sanity-io/mendoza/patcher.go:306.16,308.3 1 0
github.com/sanity-io/mendoza/patcher.go:309.2,309.42 1 0
github.com/sanity-io/mendoza/patcher.go:309.42,311.3 1 0
github.com/sanity-io/mendoza/patcher.go:312.2,313.34 2 0
github.com/sanity-io/mendoza/patcher.go:313.34,315.3 1 0
github.com/sanity-io/mendoza/patcher.go:316.2,319.12 2 0
github.com/sanity-io/mendoza/patcher.go:322.50,324.41 2 0
github.com/sanity-io/mendoza/patcher.go:324.41,326.3 1 0
github.com/sanity-io/mendoza/patcher.go:327.2,329.12 3 0
github.com/sanity-io/mendoza/patcher.go:332.43,335.2 2 0
github.com/sanity-io/mendoza/patcher.go:337.53,338.50 1 0
github.com/sanity-io/mendoza/patcher.go:338.50,340.3 1 0
github.com/sanity-io/mendoza/patcher.go:341.2,341.29 1 0
github.com/sanity-io/mendoza/patcher.go:344.54,345.50 1 0
github.com/sanity-io/mendoza/patcher.go:345.50,347.3 1 0
github.com/sanity-io/mendoza/patcher.go:348.2,348.30 1 0
github.com/sanity-io/mendoza/patcher.go:351.55,352.52 1 0
github.com/sanity-io/mendoza/patcher.go:352.52,354.3 1 0
github.com/sanity-io/mendoza/patcher.go:355.2,355.29 1 0
github.com/sanity-io/mendoza/patcher.go:358.56,359.52 1 0
github.com/sanity-io/mendoza/patcher.go:359.52,361.3 1 0
github.com/sanity-io/mendoza/patcher.go:362.2,362.30 1 0
github.com/sanity-io/mendoza/patcher.go:365.59,366.57 1 0
github.com/sanity-io/mendoza/patcher.go:366.57,368.3 1 0
github.com/sanity-io/mendoza/patcher.go:369.2,369.28 1 0
github.com/sanity-io/mendoza/patcher.go:372.66,373.64 1 0
github.com/sanity-io/mendoza/patcher.go:373.64,375.3 1 0
github.com/sanity-io/mendoza/patcher.go:376.2,376.28 1 0
github.com/sanity-io/mendoza/patcher.go:379.58,380.56 1 0
github.com/sanity-io/mendoza/patcher.go:380.56,382.3 1 0
github.com/sanity-io/mendoza/patcher.go:383.2,383.28 1 0
github.com/sanity-io/mendoza/patcher.go:386.59,387.46 1 1
github.com/sanity-io/mendoza/patcher.go:387.46,389.3 1 0
github.com/sanity-io/mendoza/patcher.go:390.2,390.41 1 1
github.com/sanity-io/mendoza/patcher.go:393.55,394.50 1 0
github.com/sanity-io/mendoza/patcher.go:394.50,396.3 1 0
github.com/sanity-io/mendoza/patcher.go:397.2,397.45 1 0
github.com/sanity-io/mendoza/patcher.go:397.45,399.3 1 0
github.com/sanity-io/mendoza/patcher.go:400.2,400.64 1 0
github.com/sanity-io/mendoza/patcher.go:400.64,402.3 1 0
github.com/sanity-io/mendoza/patcher.go:403.2,403.28 1 0
github.com/sanity-io/mendoza/patcher.go:406.57,408.16 2 0
github.com/sanity-io/mendoza/patcher.go:408.16,410.3 1 0
github.com/sanity-io/mendoza/patcher.go:411.2,412.16 2 0
github.com/sanity-io/mendoza/patcher.go:412.16,414.3 1 0
github.com/sanity-io/mendoza/patcher.go:415.2,416.12 2 0
github.com/sanity-io/mendoza/patcher.go:419.56,421.16 2 0
github.com/sanity-io/mendoza/patcher.go:421.16,423.3 1 0
github.com/sanity-io/mendoza/patcher.go:424.2,425.12 2 0
github.com/sanity-io/mendoza/patcher.go:428.56,430.16 2 1
github.com/sanity-io/mendoza/patcher.go:430.16,432.3 1 0
github.com/sanity-io/mendoza/patcher.go:433.2,433.62 1 1
github.com/sanity-io/mendoza/patcher.go:433.62,435.3 1 0
github.com/sanity-io/mendoza/patcher.go:436.2,437.16 2 1
github.com/sanity-io/mendoza/patcher.go:437.16,439.3 1 0
github.com/sanity-io/mendoza/patcher.go:440.2,441.12 2 1
github.com/sanity-io/mendoza/patcher.go:444.58,446.16 2 0
github.com/sanity-io/mendoza/patcher.go:446.16,448.3 1 0
github.com/sanity-io/mendoza/patcher.go:449.2,450.12 2 0
github.com/sanity-io/mendoza/patcher.go:453.57,455.16 2 0
github.com/sanity-io/mendoza/patcher.go:455.16,457.3 1 0
github.com/sanity-io/mendoza/patcher.go:458.2,458.62 1 0
github.com/sanity-io/mendoza/patcher.go:458.62,460.3 1 0
github.com/sanity-io/mendoza/patcher.go:461.2,462.16 2 0
github.com/sanity-io/mendoza/patcher.go:462.16,464.3 1 0
github.com/sanity-io/mendoza/patcher.go:465.2,466.12 2 0
github.com/sanity-io/mendoza/cmd/dozadiff/main.go:11.53,13.16 2 0
github.com/sanity-io/mendoza/cmd/dozadiff/main.go:13.16,15.3 1 0
github.com/sanity-io/mendoza/cmd/dozadiff/main.go:16.2,19.16 4 0
github.com/sanity-io/mendoza/cmd/dozadiff/main.go:19.16,21.3 1 0
github.com/sanity-io/mendoza/cmd/dozadiff/main.go:22.2,22.17 1 0
github.com/sanity-io/mendoza/cmd/dozadiff/main.go:25.44,27.16 2 0
github.com/sanity-io/mendoza/cmd/dozadiff/main.go:27.16,29.3 1 0
github.com/sanity-io/mendoza/cmd/dozadiff/main.go:30.2,31.16 2 0
github.com/sanity-io/mendoza/cmd/dozadiff/main.go:31.16,33.3 1 0
github.com/sanity-io/mendoza/cmd/dozadiff/main.go:35.2,36.16 2 0
github.com/sanity-io/mendoza/cmd/dozadiff/main.go:36.16,38.3 1 0
github.com/sanity-io/mendoza/cmd/dozadiff/main.go:40.2,42.16 3 0
github.com/sanity-io/mendoza/cmd/dozadiff/main.go:42.16,44.3 1 0
github.com/sanity-io/mendoza/cmd/dozadiff/main.go:46.2,46.12 1 0
github.com/sanity-io/mendoza/cmd/dozadiff/main.go:49.13,50.23 1 0
github.com/sanity-io/mendoza/cmd/dozadiff/main.go:50.23,53.3 2 0
github.com/sanity-io/mendoza/cmd/dozadiff/main.go:55.2,56.16 2 0
github.com/sanity-io/mendoza/cmd/dozadiff/main.go:56.16,59.3 2 0
github.com/sanity-io/mendoza/cmd/dozapatch/main.go:11.56,13.16 2 0
github.com/sanity-io/mendoza/cmd/dozapatch/main.go:13.16,15.3 1 0
github.com/sanity-io/mendoza/cmd/dozapatch/main.go:16.2,17.29 2 0
github.com/sanity-io/mendoza/cmd/dozapatch/main.go:20.48,22.58 2 0
github.com/sanity-io/mendoza/cmd/dozapatch/main.go:22.58,24.3 1 0
github.com/sanity-io/mendoza/cmd/dozapatch/main.go:26.2,27.52 2 0
github.com/sanity-io/mendoza/cmd/dozapatch/main.go:27.52,29.3 1 0
github.com/sanity-io/mendoza/cmd/dozapatch/main.go:31.2,34.47 3 0
github.com/sanity-io/mendoza/cmd/dozapatch/main.go:34.47,36.3 1 0
github.com/sanity-io/mendoza/cmd/dozapatch/main.go:38.2,38.12 1 0
github.com/sanity-io/mendoza/cmd/dozapatch/main.go:41.13,42.23 1 0
github.com/sanity-io/mendoza/cmd/dozapatch/main.go:42.23,45.3 2 0
github.com/sanity-io/mendoza/cmd/dozapatch/main.go:47.2,48.16 2 0
github.com/sanity-io/mendoza/cmd/dozapatch/main.go:48.16,51.3 2 0
github.com/sanity-io/mendoza/internal/fuzz/fuzz.go:12.41,16.16 3 1
github.com/sanity-io/mendoza/internal/fuzz/fuzz.go:16.16,17.13 1 0
github.com/sanity-io/mendoza/internal/fuzz/fuzz.go:19.2,20.16 2 1
github.com/sanity-io/mendoza/internal/fuzz/fuzz.go:20.16,21.13 1 0
github.com/sanity-io/mendoza/internal/fuzz/fuzz.go:24.2,24.40 1 1
github.com/sanity-io/mendoza/internal/fuzz/fuzz.go:24.40,25.47 1 0
github.com/sanity-io/mendoza/internal/fuzz/fuzz.go:29.44,31.16 2 1
github.com/sanity-io/mendoza/internal/fuzz/fuzz.go:31.16,32.13 1 0
github.com/sanity-io/mendoza/internal/fuzz/fuzz.go:35.2,36.16 2 1
github.com/sanity-io/mendoza/internal/fuzz/fuzz.go:36.16,37.13 1 0
github.com/sanity-io/mendoza/internal/fuzz/fuzz.go:40.2,40.40 1 1
github.com/sanity-io/mendoza/internal/fuzz/fuzz.go:40.40,41.50 1 0
github.com/sanity-io/mendoza/internal/fuzz/fuzz.go:45.28,46.23 1 1
github.com/sanity-io/mendoza/internal/fuzz/fuzz.go:46.23,48.3 1 1
github.com/sanity-io/mendoza/internal/fuzz/fuzz.go:50.2,54.16 4 1
github.com/sanity-io/mendoza/internal/fuzz/fuzz.go:54.16,56.3 1 1
github.com/sanity-io/mendoza/internal/fuzz/fuzz.go:58.2,59.16 2 1
github.com/sanity-io/mendoza/internal/fuzz/fuzz.go:59.16,61.3 1 1
github.com/sanity-io/mendoza/internal/fuzz/fuzz.go:63.2,64.16 2 1
github.com/sanity-io/mendoza/internal/fuzz/fuzz.go:64.16,65.13 1 0
github.com/sanity-io/mendoza/internal/fuzz/fuzz.go:68.2,69.49 2 1
github.com/sanity-io/mendoza/internal/fuzz/fuzz.go:69.49,70.33 1 0
github.com/sanity-io/mendoza/internal/fuzz/fuzz.go:73.2,74.47 2 1
github.com/sanity-io/mendoza/internal/fuzz/fuzz.go:74.47,75.35 1 0
github.com/sanity-io/mendoza/internal/fuzz/fuzz.go:78.2,83.10 5 1
github.com/sanity-io/mendoza/internal/mendoza/hash_index.go:8.50,14.43 2 1
github.com/sanity-io/mendoza/internal/mendoza/hash_index.go:14.43,17.30 2 1
github.com/sanity-io/mendoza/internal/mendoza/hash_index.go:17.30,18.58 1 1
github.com/sanity-io/mendoza/internal/mendoza/hash_index.go:18.58,25.61 5 1
github.com/sanity-io/mendoza/internal/mendoza/hash_index.go:25.61,27.14 1 0
github.com/sanity-io/mendoza/internal/mendoza/hash_index.go:30.5,30.54 1 1
github.com/sanity-io/mendoza/internal/mendoza/hash_index.go:35.2,35.18 1 1
github.com/sanity-io/mendoza/internal/mendoza/hash_list.go:15.103,18.16 3 1
github.com/sanity-io/mendoza/internal/mendoza/hash_list.go:18.16,20.3 1 0
github.com/sanity-io/mendoza/internal/mendoza/hash_list.go:21.2,21.22 1 1
github.com/sanity-io/mendoza/internal/mendoza/hash_list.go:29.55,31.2 1 1
github.com/sanity-io/mendoza/internal/mendoza/hash_list.go:33.45,35.2 1 1
github.com/sanity-io/mendoza/internal/mendoza/hash_list.go:47.46,50.2 2 1
github.com/sanity-io/mendoza/internal/mendoza/hash_list.go:52.48,55.2 2 1
github.com/sanity-io/mendoza/internal/mendoza/hash_list.go:57.62,60.2 2 1
github.com/sanity-io/mendoza/internal/mendoza/hash_list.go:62.114,67.33 3 1
github.com/sanity-io/mendoza/internal/mendoza/hash_list.go:67.33,69.3 1 0
github.com/sanity-io/mendoza/internal/mendoza/hash_list.go:71.2,78.27 2 1
github.com/sanity-io/mendoza/internal/mendoza/hash_list.go:79.11,81.11 2 0
github.com/sanity-io/mendoza/internal/mendoza/hash_list.go:82.12,83.10 1 0
github.com/sanity-io/mendoza/internal/mendoza/hash_list.go:83.10,85.4 1 0
github.com/sanity-io/mendoza/internal/mendoza/hash_list.go:85.9,87.4 1 0
github.com/sanity-io/mendoza/internal/mendoza/hash_list.go:88.3,88.11 1 0
github.com/sanity-io/mendoza/internal/mendoza/hash_list.go:89.15,91.11 2 0
github.com/sanity-io/mendoza/internal/mendoza/hash_list.go:92.14,94.22 2 1
github.com/sanity-io/mendoza/internal/mendoza/hash_list.go:95.30,101.30 4 1
github.com/sanity-io/mendoza/internal/mendoza/hash_list.go:101.30,105.18 4 1
github.com/sanity-io/mendoza/internal/mendoza/hash_list.go:105.18,107.5 1 0
github.com/sanity-io/mendoza/internal/mendoza/hash_list.go:109.4,111.21 2 1
github.com/sanity-io/mendoza/internal/mendoza/hash_list.go:111.21,114.5 2 1
github.com/sanity-io/mendoza/internal/mendoza/hash_list.go:116.4,119.26 3 1
github.com/sanity-io/mendoza/internal/mendoza/hash_list.go:122.3,122.24 1 1
github.com/sanity-io/mendoza/internal/mendoza/hash_list.go:123.21,128.31 3 1
github.com/sanity-io/mendoza/internal/mendoza/hash_list.go:128.31,132.18 3 1
github.com/sanity-io/mendoza/internal/mendoza/hash_list.go:132.18,134.5 1 0
github.com/sanity-io/mendoza/internal/mendoza/hash_list.go:136.4,138.21 2 1
github.com/sanity-io/mendoza/internal/mendoza/hash_list.go:138.21,141.5 2 1
github.com/sanity-io/mendoza/internal/mendoza/hash_list.go:143.4,145.34 2 1
github.com/sanity-io/mendoza/internal/mendoza/hash_list.go:148.3,148.24 1 1
github.com/sanity-io/mendoza/internal/mendoza/hash_list.go:149.10,150.63 1 0
github.com/sanity-io/mendoza/internal/mendoza/hash_list.go:153.2,158.26 5 1
github.com/sanity-io/mendoza/internal/mendoza/hash_list.go:161.47,166.2 1 1
github.com/sanity-io/mendoza/internal/mendoza/hash_list.go:173.32,175.2 1 1
github.com/sanity-io/mendoza/internal/mendoza/hash_list.go:177.38,179.2 1 1
github.com/sanity-io/mendoza/internal/mendoza/hash_list.go:181.33,183.2 1 1
github.com/sanity-io/mendoza/internal/mendoza/hash_list.go:185.31,187.2 1 1
github.com/sanity-io/mendoza/internal/mendoza/hash_list.go:189.24,191.2 1 1
github.com/sanity-io/mendoza/internal/mendoza/hash_list.go:193.52,195.21 2 1
github.com/sanity-io/mendoza/internal/mendoza/hash_list.go:195.21,197.3 1 1
github.com/sanity-io/mendoza/internal/mendoza/hash_list.go:198.2,199.13 2 1
github.com/sanity-io/mendoza/internal/mendoza/hasher.go:16.32,17.26 1 1
github.com/sanity-io/mendoza/internal/mendoza/hasher.go:17.26,19.3 1 1
github.com/sanity-io/mendoza/internal/mendoza/hasher.go:22.29,23.22 1 1
github.com/sanity-io/mendoza/internal/mendoza/hasher.go:23.22,24.13 1 1
github.com/sanity-io/mendoza/internal/mendoza/hasher.go:24.13,26.4 1 1
github.com/sanity-io/mendoza/internal/mendoza/hasher.go:28.2,28.13 1 1
github.com/sanity-io/mendoza/internal/mendoza/hasher.go:51.31,57.2 3 1
github.com/sanity-io/mendoza/internal/mendoza/hasher.go:59.27,62.2 2 1
github.com/sanity-io/mendoza/internal/mendoza/hasher.go:72.32,76.2 3 1
github.com/sanity-io/mendoza/internal/mendoza/hasher.go:78.34,85.2 6 0
github.com/sanity-io/mendoza/internal/mendoza/hasher.go:87.29,89.2 1 1
github.com/sanity-io/mendoza/internal/mendoza/hasher.go:91.53,95.2 3 1
github.com/sanity-io/mendoza/internal/mendoza/hasher.go:97.43,99.2 1 1
github.com/sanity-io/mendoza/internal/sha256/sha256.go:60.50,62.13 2 0
github.com/sanity-io/mendoza/internal/sha256/sha256.go:62.13,64.3 1 0
github.com/sanity-io/mendoza/internal/sha256/sha256.go:64.8,66.3 1 0
github.com/sanity-io/mendoza/internal/sha256/sha256.go:67.2,78.15 12 0
github.com/sanity-io/mendoza/internal/sha256/sha256.go:81.50,82.137 1 0
github.com/sanity-io/mendoza/internal/sha256/sha256.go:82.137,84.3 1 0
github.com/sanity-io/mendoza/internal/sha256/sha256.go:85.2,85.29 1 0
github.com/sanity-io/mendoza/internal/sha256/sha256.go:85.29,87.3 1 0
github.com/sanity-io/mendoza/internal/sha256/sha256.go:88.2,100.12 13 0
github.com/sanity-io/mendoza/internal/sha256/sha256.go:103.46,107.2 3 0
github.com/sanity-io/mendoza/internal/sha256/sha256.go:109.46,113.2 3 0
github.com/sanity-io/mendoza/internal/sha256/sha256.go:115.47,120.2 3 0
github.com/sanity-io/mendoza/internal/sha256/sha256.go:122.47,126.2 3 0
github.com/sanity-io/mendoza/internal/sha256/sha256.go:128.26,129.14 1 1
github.com/sanity-io/mendoza/internal/sha256/sha256.go:129.14,138.3 8 1
github.com/sanity-io/mendoza/internal/sha256/sha256.go:138.8,147.3 8 0
github.com/sanity-io/mendoza/internal/sha256/sha256.go:148.2,149.11 2 1
github.com/sanity-io/mendoza/internal/sha256/sha256.go:156.20,160.2 3 1
github.com/sanity-io/mendoza/internal/sha256/sha256.go:163.25,168.2 4 0
github.com/sanity-io/mendoza/internal/sha256/sha256.go:170.29,171.14 1 0
github.com/sanity-io/mendoza/internal/sha256/sha256.go:171.14,173.3 1 0
github.com/sanity-io/mendoza/internal/sha256/sha256.go:174.2,174.16 1 0
github.com/sanity-io/mendoza/internal/sha256/sha256.go:177.34,177.54 1 0
github.com/sanity-io/mendoza/internal/sha256/sha256.go:179.54,182.14 3 1
github.com/sanity-io/mendoza/internal/sha256/sha256.go:182.14,185.20 3 1
github.com/sanity-io/mendoza/internal/sha256/sha256.go:185.20,188.4 2 1
github.com/sanity-io/mendoza/internal/sha256/sha256.go:189.3,189.12 1 1
github.com/sanity-io/mendoza/internal/sha256/sha256.go:191.2,191.21 1 1
github.com/sanity-io/mendoza/internal/sha256/sha256.go:191.21,195.3 3 0
github.com/sanity-io/mendoza/internal/sha256/sha256.go:196.2,196.16 1 1
github.com/sanity-io/mendoza/internal/sha256/sha256.go:196.16,198.3 1 1
github.com/sanity-io/mendoza/internal/sha256/sha256.go:199.2,199.8 1 1
github.com/sanity-io/mendoza/internal/sha256/sha256.go:202.40,207.2 3 0
github.com/sanity-io/mendoza/internal/sha256/sha256.go:209.40,214.17 4 1
github.com/sanity-io/mendoza/internal/sha256/sha256.go:214.17,216.3 1 1
github.com/sanity-io/mendoza/internal/sha256/sha256.go:216.8,218.3 1 0
github.com/sanity-io/mendoza/internal/sha256/sha256.go:221.2,225.15 4 1
github.com/sanity-io/mendoza/internal/sha256/sha256.go:225.15,226.21 1 0
github.com/sanity-io/mendoza/internal/sha256/sha256.go:229.2,236.15 6 1
github.com/sanity-io/mendoza/internal/sha256/sha256block.go:80.42,83.22 3 1
github.com/sanity-io/mendoza/internal/sha256/sha256block.go:83.22,86.27 1 1
github.com/sanity-io/mendoza/internal/sha256/sha256block.go:86.27,89.4 2 1
github.com/sanity-io/mendoza/internal/sha256/sha256block.go:90.3,90.28 1 1
github.com/sanity-io/mendoza/internal/sha256/sha256block.go:90.28,96.4 5 1
github.com/sanity-io/mendoza/internal/sha256/sha256block.go:98.3,100.27 2 1
github.com/sanity-io/mendoza/internal/sha256/sha256block.go:100.27,113.4 10 1
github.com/sanity-io/mendoza/internal/sha256/sha256block.go:115.3,124.16 9 1
github.com/sanity-io/mendoza/internal/sha256/sha256block.go:127.2,127.113 1 1
github.com/sanity-io/mendoza/internal/sha256/sha256block_arm64.go:14.35,15.24 1 1
github.com/sanity-io/mendoza/internal/sha256/sha256block_arm64.go:15.24,17.3 1 1
github.com/sanity-io/mendoza/internal/sha256/sha256block_arm64.go:17.8,20.3 2 0
github.com/sanity-io/mendoza/pkg/mendozamsgpack/impl.go:18.51,21.16 3 1
github.com/sanity-io/mendoza/pkg/mendozamsgpack/impl.go:21.16,23.3 1 0
github.com/sanity-io/mendoza/pkg/mendozamsgpack/impl.go:24.2,24.14 1 1
github.com/sanity-io/mendoza/pkg/mendozamsgpack/impl.go:24.14,26.3 1 1
github.com/sanity-io/mendoza/pkg/mendozamsgpack/impl.go:27.2,27.15 1 1
github.com/sanity-io/mendoza/pkg/mendozamsgpack/impl.go:31.52,34.16 3 1
github.com/sanity-io/mendoza/pkg/mendozamsgpack/impl.go:34.16,36.3 1 0
github.com/sanity-io/mendoza/pkg/mendozamsgpack/impl.go:37.2,37.36 1 1
github.com/sanity-io/mendoza/pkg/mendozamsgpack/impl.go:45.43,47.2 1 1
github.com/sanity-io/mendoza/pkg/mendozamsgpack/impl.go:49.40,51.2 1 1
github.com/sanity-io/mendoza/pkg/mendozamsgpack/impl.go:53.45,55.2 1 1
github.com/sanity-io/mendoza/pkg/mendozamsgpack/impl.go:57.49,59.2 1 1
github.com/sanity-io/mendoza/pkg/mendozamsgpack/impl.go:61.70,63.28 2 1
github.com/sanity-io/mendoza/pkg/mendozamsgpack/impl.go:63.28,65.17 2 1
github.com/sanity-io/mendoza/pkg/mendozamsgpack/impl.go:65.17,67.4 1 0
github.com/sanity-io/mendoza/pkg/mendozamsgpack/impl.go:70.2,70.12 1 1
github.com/sanity-io/mendoza/pkg/mendozamsgpack/impl.go:77.44,79.2 1 1
github.com/sanity-io/mendoza/pkg/mendozamsgpack/impl.go:81.41,84.2 2 1
github.com/sanity-io/mendoza/pkg/mendozamsgpack/impl.go:86.46,88.2 1 1
github.com/sanity-io/mendoza/pkg/mendozamsgpack/impl.go:90.50,93.16 3 1
github.com/sanity-io/mendoza/pkg/mendozamsgpack/impl.go:93.16,95.3 1 0
github.com/sanity-io/mendoza/pkg/mendozamsgpack/impl.go:96.2,96.20 1 1
github.com/sanity-io/mendoza/pkg/mendozamsgpack/impl.go:99.70,104.6 3 1
github.com/sanity-io/mendoza/pkg/mendozamsgpack/impl.go:104.6,106.20 2 1
github.com/sanity-io/mendoza/pkg/mendozamsgpack/impl.go:106.20,108.4 1 1
github.com/sanity-io/mendoza/pkg/mendozamsgpack/impl.go:109.3,109.17 1 1
github.com/sanity-io/mendoza/pkg/mendozamsgpack/impl.go:109.17,111.4 1 0
github.com/sanity-io/mendoza/pkg/mendozamsgpack/impl.go:112.3,112.30 1 1
github.com/sanity-io/mendoza/differ.go:18.58,20.2 1 0
github.com/sanity-io/mendoza/differ.go:26.71,28.2 1 0
github.com/sanity-io/mendoza/differ.go:31.77,32.17 1 0
github.com/sanity-io/mendoza/differ.go:32.17,33.19 1 0
github.com/sanity-io/mendoza/differ.go:33.19,35.4 1 0
github.com/sanity-io/mendoza/differ.go:36.3,36.37 1 0
github.com/sanity-io/mendoza/differ.go:39.2,40.16 2 0
github.com/sanity-io/mendoza/differ.go:40.16,42.3 1 0
github.com/sanity-io/mendoza/differ.go:43.2,44.16 2 0
github.com/sanity-io/mendoza/differ.go:44.16,46.3 1 0
github.com/sanity-io/mendoza/differ.go:48.2,54.28 3 0
github.com/sanity-io/mendoza/differ.go:59.90,60.33 1 0
github.com/sanity-io/mendoza/differ.go:60.33,62.3 1 0
github.com/sanity-io/mendoza/differ.go:64.2,64.17 1 0
github.com/sanity-io/mendoza/differ.go:64.17,66.3 1 0
github.com/sanity-io/mendoza/differ.go:68.2,68.18 1 0
github.com/sanity-io/mendoza/differ.go:68.18,70.3 1 0
github.com/sanity-io/mendoza/differ.go:72.2,73.16 2 0
github.com/sanity-io/mendoza/differ.go:73.16,75.3 1 0
github.com/sanity-io/mendoza/differ.go:76.2,77.16 2 0
github.com/sanity-io/mendoza/differ.go:77.16,79.3 1 0
github.com/sanity-io/mendoza/differ.go:81.2,96.53 5 0
github.com/sanity-io/mendoza/differ.go:130.32,133.41 2 0
github.com/sanity-io/mendoza/differ.go:133.41,136.3 1 0
github.com/sanity-io/mendoza/differ.go:138.2,150.22 4 0
github.com/sanity-io/mendoza/differ.go:150.22,152.3 1 0
github.com/sanity-io/mendoza/differ.go:154.2,154.18 1 0
github.com/sanity-io/mendoza/differ.go:165.69,166.21 1 0
github.com/sanity-io/mendoza/differ.go:166.21,170.3 3 0
github.com/sanity-io/mendoza/differ.go:173.55,174.20 1 0
github.com/sanity-io/mendoza/differ.go:174.20,176.3 1 0
github.com/sanity-io/mendoza/differ.go:178.2,180.27 2 0
github.com/sanity-io/mendoza/differ.go:180.27,183.3 2 0
github.com/sanity-io/mendoza/differ.go:185.2,185.29 1 0
github.com/sanity-io/mendoza/differ.go:185.29,188.3 2 0
github.com/sanity-io/mendoza/differ.go:190.2,190.49 1 0
github.com/sanity-io/mendoza/differ.go:190.49,193.3 2 0
github.com/sanity-io/mendoza/differ.go:196.52,197.14 1 0
github.com/sanity-io/mendoza/differ.go:197.14,200.3 2 0
github.com/sanity-io/mendoza/differ.go:202.2,207.33 4 0
github.com/sanity-io/mendoza/differ.go:207.33,209.3 1 0
github.com/sanity-io/mendoza/differ.go:209.8,211.3 1 0
github.com/sanity-io/mendoza/differ.go:213.2,213.29 1 0
github.com/sanity-io/mendoza/differ.go:216.51,217.14 1 0
github.com/sanity-io/mendoza/differ.go:217.14,220.3 1 0
github.com/sanity-io/mendoza/differ.go:222.2,227.33 4 0
github.com/sanity-io/mendoza/differ.go:227.33,229.3 1 0
github.com/sanity-io/mendoza/differ.go:229.8,231.3 1 0
github.com/sanity-io/mendoza/differ.go:233.2,233.29 1 0
github.com/sanity-io/mendoza/differ.go:271.62,276.2 4 0
github.com/sanity-io/mendoza/differ.go:278.99,283.30 3 0
github.com/sanity-io/mendoza/differ.go:283.30,289.3 2 0
github.com/sanity-io/mendoza/differ.go:291.2,291.15 1 0
github.com/sanity-io/mendoza/differ.go:291.15,292.22 1 0
github.com/sanity-io/mendoza/differ.go:292.22,295.4 1 0
github.com/sanity-io/mendoza/differ.go:297.3,297.38 1 0
github.com/sanity-io/mendoza/differ.go:297.38,300.4 1 0
github.com/sanity-io/mendoza/differ.go:303.2,306.3 1 0
github.com/sanity-io/mendoza/differ.go:309.69,312.2 2 0
github.com/sanity-io/mendoza/differ.go:314.95,316.2 1 0
github.com/sanity-io/mendoza/differ.go:318.58,341.27 3 0
github.com/sanity-io/mendoza/differ.go:341.27,342.54 1 0
github.com/sanity-io/mendoza/differ.go:342.54,343.12 1 0
github.com/sanity-io/mendoza/differ.go:346.3,348.40 3 0
github.com/sanity-io/mendoza/differ.go:351.2,354.55 2 0
github.com/sanity-io/mendoza/differ.go:354.55,360.57 4 0
github.com/sanity-io/mendoza/differ.go:360.57,363.29 2 0
github.com/sanity-io/mendoza/differ.go:363.29,364.74 1 0
github.com/sanity-io/mendoza/differ.go:364.74,368.6 3 0
github.com/sanity-io/mendoza/differ.go:373.2,373.55 1 0
github.com/sanity-io/mendoza/differ.go:373.55,377.62 3 0
github.com/sanity-io/mendoza/differ.go:377.62,380.36 2 0
github.com/sanity-io/mendoza/differ.go:380.36,382.45 2 0
github.com/sanity-io/mendoza/differ.go:382.45,384.6 1 0
github.com/sanity-io/mendoza/differ.go:390.2,390.34 1 0
github.com/sanity-io/mendoza/differ.go:390.34,394.56 3 0
github.com/sanity-io/mendoza/differ.go:394.56,400.42 4 0
github.com/sanity-io/mendoza/differ.go:400.42,401.31 1 0
github.com/sanity-io/mendoza/differ.go:401.31,404.24 2 0
github.com/sanity-io/mendoza/differ.go:404.24,405.12 1 0
github.com/sanity-io/mendoza/differ.go:408.6,408.25 1 0
github.com/sanity-io/mendoza/differ.go:408.25,416.12 4 0
github.com/sanity-io/mendoza/differ.go:419.6,419.24 1 0
github.com/sanity-io/mendoza/differ.go:422.4,422.7 1 0
github.com/sanity-io/mendoza/differ.go:426.2,426.55 1 0
github.com/sanity-io/mendoza/differ.go:426.55,428.3 1 0
github.com/sanity-io/mendoza/differ.go:430.2,430.34 1 0
github.com/sanity-io/mendoza/differ.go:430.34,438.62 5 0
github.com/sanity-io/mendoza/differ.go:438.62,440.43 2 0
github.com/sanity-io/mendoza/differ.go:440.44,442.5 0 0
github.com/sanity-io/mendoza/differ.go:442.10,444.5 1 0
github.com/sanity-io/mendoza/differ.go:447.3,452.31 4 0
github.com/sanity-io/mendoza/differ.go:452.31,457.4 1 0
github.com/sanity-io/mendoza/differ.go:459.3,459.13 1 0
github.com/sanity-io/mendoza/differ.go:459.13,461.4 1 0
github.com/sanity-io/mendoza/differ.go:461.9,463.4 1 0
github.com/sanity-io/mendoza/differ.go:465.3,467.13 2 0
github.com/sanity-io/mendoza/differ.go:467.13,469.41 1 0
github.com/sanity-io/mendoza/differ.go:469.41,472.5 2 0
github.com/sanity-io/mendoza/differ.go:475.3,475.56 1 0
github.com/sanity-io/mendoza/differ.go:475.56,479.45 3 0
github.com/sanity-io/mendoza/differ.go:479.45,480.22 1 0
github.com/sanity-io/mendoza/differ.go:480.22,481.17 1 0
github.com/sanity-io/mendoza/differ.go:481.17,485.7 2 0
github.com/sanity-io/mendoza/differ.go:486.11,492.6 2 0
github.com/sanity-io/mendoza/differ.go:493.10,497.72 2 0
github.com/sanity-io/mendoza/differ.go:497.72,498.48 1 0
github.com/sanity-io/mendoza/differ.go:498.48,500.32 1 0
github.com/sanity-io/mendoza/differ.go:500.32,504.42 3 0
github.com/sanity-io/mendoza/differ.go:504.42,507.9 2 0
github.com/sanity-io/mendoza/differ.go:507.14,510.9 2 0
github.com/sanity-io/mendoza/differ.go:511.8,511.23 1 0
github.com/sanity-io/mendoza/differ.go:514.7,514.12 1 0
github.com/sanity-io/mendoza/differ.go:518.5,518.18 1 0
github.com/sanity-io/mendoza/differ.go:518.18,524.6 2 0
github.com/sanity-io/mendoza/differ.go:528.3,529.68 2 0
github.com/sanity-io/mendoza/differ.go:549.64,553.2 3 0
github.com/sanity-io/mendoza/differ.go:555.101,561.34 2 0
github.com/sanity-io/mendoza/differ.go:561.34,564.3 1 0
github.com/sanity-io/mendoza/differ.go:566.2,566.60 1 0
github.com/sanity-io/mendoza/differ.go:566.60,567.46 1 0
github.com/sanity-io/mendoza/differ.go:567.46,576.4 4 0
github.com/sanity-io/mendoza/differ.go:578.3,578.44 1 0
github.com/sanity-io/mendoza/differ.go:578.44,581.10 1 0
github.com/sanity-io/mendoza/differ.go:581.10,585.5 1 0
github.com/sanity-io/mendoza/differ.go:589.2,589.45 1 0
github.com/sanity-io/mendoza/differ.go:589.45,592.3 1 0
github.com/sanity-io/mendoza/differ.go:594.2,597.3 1 0
github.com/sanity-io/mendoza/differ.go:600.60,606.27 3 0
github.com/sanity-io/mendoza/differ.go:606.27,607.56 1 0
github.com/sanity-io/mendoza/differ.go:607.56,608.12 1 0
github.com/sanity-io/mendoza/differ.go:611.3,613.40 3 0
github.com/sanity-io/mendoza/differ.go:616.2,616.55 1 0
github.com/sanity-io/mendoza/differ.go:616.55,620.64 3 0
github.com/sanity-io/mendoza/differ.go:620.64,623.36 2 0
github.com/sanity-io/mendoza/differ.go:623.36,625.45 2 0
github.com/sanity-io/mendoza/differ.go:625.45,627.6 1 0
github.com/sanity-io/mendoza/differ.go:633.2,633.34 1 0
github.com/sanity-io/mendoza/differ.go:633.34,637.56 3 0
github.com/sanity-io/mendoza/differ.go:637.56,638.28 1 0
github.com/sanity-io/mendoza/differ.go:638.28,639.10 1 0
github.com/sanity-io/mendoza/differ.go:642.4,644.62 2 0
github.com/sanity-io/mendoza/differ.go:644.62,653.5 3 0
github.com/sanity-io/mendoza/differ.go:655.4,656.22 2 0
github.com/sanity-io/mendoza/differ.go:660.2,660.55 1 0
github.com/sanity-io/mendoza/differ.go:660.55,662.3 1 0
github.com/sanity-io/mendoza/differ.go:664.2,664.34 1 0
github.com/sanity-io/mendoza/differ.go:664.34,674.56 7 0
github.com/sanity-io/mendoza/differ.go:674.56,678.40 3 0
github.com/sanity-io/mendoza/differ.go:678.40,679.25 1 0
github.com/sanity-io/mendoza/differ.go:679.25,681.6 1 0
github.com/sanity-io/mendoza/differ.go:683.5,683.29 1 0
github.com/sanity-io/mendoza/differ.go:683.30,685.6 0 0
github.com/sanity-io/mendoza/differ.go:685.11,689.6 3 0
github.com/sanity-io/mendoza/differ.go:690.10,693.53 2 0
github.com/sanity-io/mendoza/differ.go:693.53,694.45 1 0
github.com/sanity-io/mendoza/differ.go:694.45,695.34 1 0
github.com/sanity-io/mendoza/differ.go:695.34,702.8 5 0
github.com/sanity-io/mendoza/differ.go:704.7,704.12 1 0
github.com/sanity-io/mendoza/differ.go:708.5,708.18 1 0
github.com/sanity-io/mendoza/differ.go:708.18,711.6 2 0
github.com/sanity-io/mendoza/differ.go:715.3,716.68 2 0
github.com/sanity-io/mendoza/differ.go:723.36,725.31 2 0
github.com/sanity-io/mendoza/differ.go:725.31,728.15 3 0
github.com/sanity-io/mendoza/differ.go:728.15,729.9 1 0
github.com/sanity-io/mendoza/differ.go:731.3,731.12 1 0
github.com/sanity-io/mendoza/differ.go:733.2,733.10 1 0
github.com/sanity-io/mendoza/differ.go:736.48,738.45 2 0
github.com/sanity-io/mendoza/differ.go:738.45,742.15 3 0
github.com/sanity-io/mendoza/differ.go:742.15,743.9 1 0
github.com/sanity-io/mendoza/differ.go:746.3,746.12 1 0
github.com/sanity-io/mendoza/differ.go:748.2,748.10 1 0
github.com/sanity-io/mendoza/differ.go:751.81,752.32 1 0
github.com/sanity-io/mendoza/differ.go:752.32,756.10 3 0
github.com/sanity-io/mendoza/differ.go:756.10,757.12 1 0
github.com/sanity-io/mendoza/differ.go:760.3,760.32 1 0
github.com/sanity-io/mendoza/differ.go:760.32,761.49 1 0
github.com/sanity-io/mendoza/differ.go:764.3,772.17 6 0
github.com/sanity-io/mendoza/differ.go:772.17,775.4 2 0
github.com/sanity-io/mendoza/differ.go:777.3,780.19 3 0
github.com/sanity-io/mendoza/differ.go:780.19,783.4 2 0
github.com/sanity-io/mendoza/differ.go:785.3,785.17 1 0
github.com/sanity-io/mendoza/differ.go:785.17,788.4 2 0
github.com/sanity-io/mendoza/differ.go:790.3,791.72 2 0
github.com/sanity-io/mendoza/format.go:66.37,68.16 2 0
github.com/sanity-io/mendoza/format.go:68.16,70.3 1 0
github.com/sanity-io/mendoza/format.go:72.2,73.14 2 0
github.com/sanity-io/mendoza/format.go:74.17,75.18 1 0
github.com/sanity-io/mendoza/format.go:76.16,77.17 1 0
github.com/sanity-io/mendoza/format.go:78.17,79.18 1 0
github.com/sanity-io/mendoza/format.go:80.27,81.28 1 0
github.com/sanity-io/mendoza/format.go:82.28,83.29 1 0
github.com/sanity-io/mendoza/format.go:84.35,85.36 1 0
github.com/sanity-io/mendoza/format.go:86.21,87.22 1 0
github.com/sanity-io/mendoza/format.go:88.23,89.24 1 0
github.com/sanity-io/mendoza/format.go:90.22,91.23 1 0
github.com/sanity-io/mendoza/format.go:92.15,93.16 1 0
github.com/sanity-io/mendoza/format.go:94.25,95.26 1 0
github.com/sanity-io/mendoza/format.go:96.26,97.27 1 0
github.com/sanity-io/mendoza/format.go:98.27,99.28 1 0
github.com/sanity-io/mendoza/format.go:100.28,101.29 1 0
github.com/sanity-io/mendoza/format.go:102.31,103.32 1 0
github.com/sanity-io/mendoza/format.go:104.38,105.39 1 0
github.com/sanity-io/mendoza/format.go:106.30,107.31 1 0
github.com/sanity-io/mendoza/format.go:108.31,109.32 1 0
github.com/sanity-io/mendoza/format.go:110.27,111.28 1 0
github.com/sanity-io/mendoza/format.go:112.29,113.30 1 0
github.com/sanity-io/mendoza/format.go:114.28,115.29 1 0
github.com/sanity-io/mendoza/format.go:116.28,117.29 1 0
github.com/sanity-io/mendoza/format.go:118.30,119.31 1 0
github.com/sanity-io/mendoza/format.go:120.29,121.30 1 0
github.com/sanity-io/mendoza/format.go:122.10,123.53 1 0
github.com/sanity-io/mendoza/format.go:126.2,127.16 2 0
github.com/sanity-io/mendoza/format.go:127.16,129.3 1 0
github.com/sanity-io/mendoza/format.go:130.2,130.16 1 0
github.com/sanity-io/mendoza/format.go:134.37,137.19 2 0
github.com/sanity-io/mendoza/format.go:138.16,139.19 1 0
github.com/sanity-io/mendoza/format.go:140.15,141.18 1 0
github.com/sanity-io/mendoza/format.go:142.16,143.19 1 0
github.com/sanity-io/mendoza/format.go:144.26,145.29 1 0
github.com/sanity-io/mendoza/format.go:146.27,147.30 1 0
github.com/sanity-io/mendoza/format.go:148.34,149.37 1 0
github.com/sanity-io/mendoza/format.go:150.20,151.23 1 0
github.com/sanity-io/mendoza/format.go:152.22,153.25 1 0
github.com/sanity-io/mendoza/format.go:154.21,155.24 1 0
github.com/sanity-io/mendoza/format.go:156.14,157.17 1 0
github.com/sanity-io/mendoza/format.go:158.24,159.27 1 0
github.com/sanity-io/mendoza/format.go:160.25,161.28 1 0
github.com/sanity-io/mendoza/format.go:162.26,163.29 1 0
github.com/sanity-io/mendoza/format.go:164.27,165.30 1 0
github.com/sanity-io/mendoza/format.go:166.30,167.33 1 0
github.com/sanity-io/mendoza/format.go:168.37,169.40 1 0
github.com/sanity-io/mendoza/format.go:170.29,171.32 1 0
github.com/sanity-io/mendoza/format.go:172.30,173.33 1 0
github.com/sanity-io/mendoza/format.go:174.26,175.29 1 0
github.com/sanity-io/mendoza/format.go:176.28,177.31 1 0
github.com/sanity-io/mendoza/format.go:178.27,179.30 1 0
github.com/sanity-io/mendoza/format.go:180.27,181.30 1 0
github.com/sanity-io/mendoza/format.go:182.29,183.32 1 0
github.com/sanity-io/mendoza/format.go:184.28,185.31 1 0
github.com/sanity-io/mendoza/format.go:188.2,189.16 2 0
github.com/sanity-io/mendoza/format.go:189.16,191.3 1 0
github.com/sanity-io/mendoza/format.go:193.2,194.16 2 0
github.com/sanity-io/mendoza/format.go:194.16,196.3 1 0
github.com/sanity-io/mendoza/format.go:198.2,198.12 1 0
github.com/sanity-io/mendoza/format.go:202.44,203.27 1 0
github.com/sanity-io/mendoza/format.go:203.27,205.17 2 0
github.com/sanity-io/mendoza/format.go:205.17,207.4 1 0
github.com/sanity-io/mendoza/format.go:210.2,210.12 1 0
github.com/sanity-io/mendoza/format.go:213.46,216.6 2 0
github.com/sanity-io/mendoza/format.go:216.6,218.20 2 0
github.com/sanity-io/mendoza/format.go:218.20,219.9 1 0
github.com/sanity-io/mendoza/format.go:222.3,222.17 1 0
github.com/sanity-io/mendoza/format.go:222.17,224.4 1 0
github.com/sanity-io/mendoza/format.go:226.3,226.30 1 0
github.com/sanity-io/mendoza/format.go:229.2,229.12 1 0
github.com/sanity-io/mendoza/format.go:232.61,234.16 2 0
github.com/sanity-io/mendoza/format.go:234.16,236.3 1 0
github.com/sanity-io/mendoza/format.go:238.2,238.16 1 0
github.com/sanity-io/mendoza/format.go:238.16,240.3 1 0
github.com/sanity-io/mendoza/format.go:242.2,242.24 1 0
github.com/sanity-io/mendoza/format.go:245.58,247.16 2 0
github.com/sanity-io/mendoza/format.go:247.16,249.3 1 0
github.com/sanity-io/mendoza/format.go:253.2,253.27 1 0
github.com/sanity-io/mendoza/format.go:254.15,256.19 2 0
github.com/sanity-io/mendoza/format.go:256.19,258.4 1 0
github.com/sanity-io/mendoza/format.go:259.3,259.17 1 0
github.com/sanity-io/mendoza/format.go:259.17,261.4 1 0
github.com/sanity-io/mendoza/format.go:262.3,262.26 1 0
github.com/sanity-io/mendoza/format.go:263.11,264.14 1 0
github.com/sanity-io/mendoza/format.go:264.14,266.4 1 0
github.com/sanity-io/mendoza/format.go:267.3,267.18 1 0
github.com/sanity-io/mendoza/format.go:268.10,269.50 1 0
github.com/sanity-io/mendoza/format.go:273.63,275.16 2 0
github.com/sanity-io/mendoza/format.go:275.16,277.3 1 0
github.com/sanity-io/mendoza/format.go:279.2,280.9 2 0
github.com/sanity-io/mendoza/format.go:280.9,282.3 1 0
github.com/sanity-io/mendoza/format.go:284.2,284.17 1 0
github.com/sanity-io/mendoza/format.go:289.53,292.2 2 0
github.com/sanity-io/mendoza/format.go:294.54,297.2 2 0
github.com/sanity-io/mendoza/format.go:299.52,301.2 1 0
github.com/sanity-io/mendoza/format.go:303.53,305.2 1 0
github.com/sanity-io/mendoza/format.go:307.53,309.2 1 0
github.com/sanity-io/mendoza/format.go:311.54,313.2 1 0
github.com/sanity-io/mendoza/format.go:315.64,318.2 2 0
github.com/sanity-io/mendoza/format.go:320.65,323.2 2 0
github.com/sanity-io/mendoza/format.go:325.71,327.2 1 0
github.com/sanity-io/mendoza/format.go:329.72,331.2 1 0
github.com/sanity-io/mendoza/format.go:333.63,335.2 1 0
github.com/sanity-io/mendoza/format.go:337.64,339.2 1 0
github.com/sanity-io/mendoza/format.go:341.57,344.2 2 0
github.com/sanity-io/mendoza/format.go:346.58,349.2 2 0
github.com/sanity-io/mendoza/format.go:351.59,354.2 2 0
github.com/sanity-io/mendoza/format.go:356.60,359.2 2 0
github.com/sanity-io/mendoza/format.go:361.58,364.2 2 0
github.com/sanity-io/mendoza/format.go:366.59,369.2 2 0
github.com/sanity-io/mendoza/format.go:371.51,373.2 1 0
github.com/sanity-io/mendoza/format.go:375.52,377.2 1 0
github.com/sanity-io/mendoza/format.go:381.61,384.2 2 0
github.com/sanity-io/mendoza/format.go:386.62,389.2 2 0
github.com/sanity-io/mendoza/format.go:391.62,394.2 2 0
github.com/sanity-io/mendoza/format.go:396.63,399.2 2 0
github.com/sanity-io/mendoza/format.go:401.63,404.2 2 0
github.com/sanity-io/mendoza/format.go:406.64,409.2 2 0
github.com/sanity-io/mendoza/format.go:411.64,414.2 2 0
github.com/sanity-io/mendoza/format.go:416.65,419.2 2 0
github.com/sanity-io/mendoza/format.go:421.67,424.2 2 0
github.com/sanity-io/mendoza/format.go:426.68,429.2 2 0
github.com/sanity-io/mendoza/format.go:431.74,433.2 1 0
github.com/sanity-io/mendoza/format.go:435.75,437.2 1 0
github.com/sanity-io/mendoza/format.go:439.66,442.2 2 0
github.com/sanity-io/mendoza/format.go:444.67,447.2 2 0
github.com/sanity-io/mendoza/format.go:449.67,451.16 2 0
github.com/sanity-io/mendoza/format.go:451.16,453.3 1 0
github.com/sanity-io/mendoza/format.go:454.2,455.8 2 0
github.com/sanity-io/mendoza/format.go:458.68,460.16 2 0
github.com/sanity-io/mendoza/format.go:460.16,462.3 1 0
github.com/sanity-io/mendoza/format.go:463.2,464.8 2 0
github.com/sanity-io/mendoza/format.go:467.63,469.16 2 0
github.com/sanity-io/mendoza/format.go:469.16,471.3 1 0
github.com/sanity-io/mendoza/format.go:472.2,472.8 1 0
github.com/sanity-io/mendoza/format.go:475.64,477.16 2 0
github.com/sanity-io/mendoza/format.go:477.16,479.3 1 0
github.com/sanity-io/mendoza/format.go:480.2,480.8 1 0
github.com/sanity-io/mendoza/format.go:483.65,486.2 2 0
github.com/sanity-io/mendoza/format.go:488.66,491.2 2 0
github.com/sanity-io/mendoza/format.go:493.64,496.2 2 0
github.com/sanity-io/mendoza/format.go:498.65,501.2 2 0
github.com/sanity-io/mendoza/format.go:503.64,505.16 2 0
github.com/sanity-io/mendoza/format.go:505.16,507.3 1 0
github.com/sanity-io/mendoza/format.go:508.2,509.8 2 0
github.com/sanity-io/mendoza/format.go:512.65,514.16 2 0
github.com/sanity-io/mendoza/format.go:514.16,516.3 1 0
github.com/sanity-io/mendoza/format.go:517.2,518.8 2 0
github.com/sanity-io/mendoza/format.go:521.66,524.2 2 0
github.com/sanity-io/mendoza/format.go:526.67,529.2 2 0
github.com/sanity-io/mendoza/format.go:531.65,533.16 2 0
github.com/sanity-io/mendoza/format.go:533.16,535.3 1 0
github.com/sanity-io/mendoza/format.go:536.2,537.8 2 0
github.com/sanity-io/mendoza/format.go:540.66,542.16 2 0
github.com/sanity-io/mendoza/format.go:542.16,544.3 1 0
github.com/sanity-io/mendoza/format.go:545.2,546.8 2 0
github.com/sanity-io/mendoza/json.go:15.48,17.2 1 0
github.com/sanity-io/mendoza/json.go:19.45,21.2 1 0
github.com/sanity-io/mendoza/json.go:23.50,25.2 1 0
github.com/sanity-io/mendoza/json.go:27.54,30.16 3 0
github.com/sanity-io/mendoza/json.go:30.16,32.3 1 0
github.com/sanity-io/mendoza/json.go:33.2,34.12 2 0
github.com/sanity-io/mendoza/json.go:37.29,38.24 1 0
github.com/sanity-io/mendoza/json.go:38.24,40.3 1 0
github.com/sanity-io/mendoza/json.go:40.8,42.3 1 0
github.com/sanity-io/mendoza/json.go:45.40,46.24 1 0
github.com/sanity-io/mendoza/json.go:46.24,48.3 1 0
github.com/sanity-io/mendoza/json.go:50.2,51.17 2 0
github.com/sanity-io/mendoza/json.go:58.37,59.19 1 0
github.com/sanity-io/mendoza/json.go:59.19,61.17 2 0
github.com/sanity-io/mendoza/json.go:61.17,63.4 1 0
github.com/sanity-io/mendoza/json.go:64.3,64.27 1 0
github.com/sanity-io/mendoza/json.go:64.27,66.4 1 0
github.com/sanity-io/mendoza/json.go:68.3,68.16 1 0
github.com/sanity-io/mendoza/json.go:71.2,71.12 1 0
github.com/sanity-io/mendoza/json.go:74.49,76.2 1 0
github.com/sanity-io/mendoza/json.go:78.46,80.2 1 0
github.com/sanity-io/mendoza/json.go:82.51,84.2 1 0
github.com/sanity-io/mendoza/json.go:86.55,88.16 2 0
github.com/sanity-io/mendoza/json.go:88.16,90.3 1 0
github.com/sanity-io/mendoza/json.go:91.2,93.16 3 0
github.com/sanity-io/mendoza/json.go:93.16,95.3 1 0
github.com/sanity-io/mendoza/json.go:96.2,96.17 1 0
github.com/sanity-io/mendoza/json.go:99.42,101.16 2 0
github.com/sanity-io/mendoza/json.go:101.16,103.3 1 0
github.com/sanity-io/mendoza/json.go:105.2,105.26 1 0
github.com/sanity-io/mendoza/json.go:105.26,107.3 1 0
github.com/sanity-io/mendoza/json.go:109.2,109.12 1 0
github.com/sanity-io/mendoza/json.go:117.54,119.2 1 0
github.com/sanity-io/mendoza/json.go:121.51,123.2 1 0
github.com/sanity-io/mendoza/json.go:125.56,127.2 1 0
github.com/sanity-io/mendoza/json.go:129.60,130.26 1 0
github.com/sanity-io/mendoza/json.go:130.26,132.3 1 0
github.com/sanity-io/mendoza/json.go:133.2,135.25 3 0
github.com/sanity-io/mendoza/json.go:138.50,141.16 3 0
github.com/sanity-io/mendoza/json.go:141.16,143.3 1 0
github.com/sanity-io/mendoza/json.go:144.2,144.26 1 0
github.com/sanity-io/mendoza/json.go:147.54,153.16 3 0
github.com/sanity-io/mendoza/json.go:153.16,155.3 1 0
github.com/sanity-io/mendoza/json.go:157.2,157.27 1 0
github.com/sanity-io/mendoza/json.go:161.58,164.2 2 0
github.com/sanity-io/mendoza/options.go:14.97,17.2 2 0
github.com/sanity-io/mendoza/patcher.go:36.74,38.2 1 0
github.com/sanity-io/mendoza/patcher.go:44.60,46.2 1 0
github.com/sanity-io/mendoza/patcher.go:50.93,51.21 1 0
github.com/sanity-io/mendoza/patcher.go:51.21,53.3 1 0
github.com/sanity-io/mendoza/patcher.go:55.2,55.32 1 0
github.com/sanity-io/mendoza/patcher.go:55.32,57.3 1 0
github.com/sanity-io/mendoza/patcher.go:59.2,65.27 2 0
github.com/sanity-io/mendoza/patcher.go:65.27,66.40 1 0
github.com/sanity-io/mendoza/patcher.go:66.40,68.4 1 0
github.com/sanity-io/mendoza/patcher.go:71.2,71.24 1 0
github.com/sanity-io/mendoza/patcher.go:76.79,78.16 2 0
github.com/sanity-io/mendoza/patcher.go:78.16,79.13 1 0
github.com/sanity-io/mendoza/patcher.go:81.2,81.15 1 0
github.com/sanity-io/mendoza/patcher.go:84.36,86.2 1 0
github.com/sanity-io/mendoza/patcher.go:88.37,90.2 1 0
github.com/sanity-io/mendoza/patcher.go:92.50,93.34 1 0
github.com/sanity-io/mendoza/patcher.go:93.35,95.3 0 0
github.com/sanity-io/mendoza/patcher.go:97.2,97.55 1 0
github.com/sanity-io/mendoza/patcher.go:100.52,102.2 1 0
github.com/sanity-io/mendoza/patcher.go:104.48,105.33 1 0
github.com/sanity-io/mendoza/patcher.go:105.33,107.3 1 0
github.com/sanity-io/mendoza/patcher.go:109.2,109.32 1 0
github.com/sanity-io/mendoza/patcher.go:109.32,111.3 1 0
github.com/sanity-io/mendoza/patcher.go:113.2,113.35 1 0
github.com/sanity-io/mendoza/patcher.go:113.35,115.3 1 0
github.com/sanity-io/mendoza/patcher.go:117.2,117.21 1 0
github.com/sanity-io/mendoza/patcher.go:120.64,121.25 1 0
github.com/sanity-io/mendoza/patcher.go:121.25,123.10 2 0
github.com/sanity-io/mendoza/patcher.go:123.10,125.4 1 0
github.com/sanity-io/mendoza/patcher.go:126.3,128.24 3 0
github.com/sanity-io/mendoza/patcher.go:128.24,130.4 1 0
github.com/sanity-io/mendoza/patcher.go:131.3,132.28 2 0
github.com/sanity-io/mendoza/patcher.go:132.28,138.4 2 0
github.com/sanity-io/mendoza/patcher.go:139.3,139.24 1 0
github.com/sanity-io/mendoza/patcher.go:142.2,142.41 1 0
github.com/sanity-io/mendoza/patcher.go:142.41,144.3 1 0
github.com/sanity-io/mendoza/patcher.go:146.2,146.31 1 0
github.com/sanity-io/mendoza/patcher.go:149.71,151.9 2 0
github.com/sanity-io/mendoza/patcher.go:151.9,153.3 1 0
github.com/sanity-io/mendoza/patcher.go:154.2,154.17 1 0
github.com/sanity-io/mendoza/patcher.go:157.61,159.9 2 0
github.com/sanity-io/mendoza/patcher.go:159.9,161.3 1 0
github.com/sanity-io/mendoza/patcher.go:162.2,162.17 1 0
github.com/sanity-io/mendoza/patcher.go:165.55,167.9 2 0
github.com/sanity-io/mendoza/patcher.go:167.9,169.3 1 0
github.com/sanity-io/mendoza/patcher.go:170.2,170.17 1 0
github.com/sanity-io/mendoza/patcher.go:173.46,176.2 2 0
github.com/sanity-io/mendoza/patcher.go:178.72,181.33 2 0
github.com/sanity-io/mendoza/patcher.go:181.33,182.26 1 0
github.com/sanity-io/mendoza/patcher.go:182.26,184.4 1 0
github.com/sanity-io/mendoza/patcher.go:184.9,186.11 2 0
github.com/sanity-io/mendoza/patcher.go:186.11,188.5 1 0
github.com/sanity-io/mendoza/patcher.go:189.4,191.26 2 0
github.com/sanity-io/mendoza/patcher.go:191.26,193.5 1 0
github.com/sanity-io/mendoza/patcher.go:194.4,194.30 1 0
github.com/sanity-io/mendoza/patcher.go:198.2,198.34 1 0
github.com/sanity-io/mendoza/patcher.go:201.63,204.25 2 0
github.com/sanity-io/mendoza/patcher.go:204.25,206.10 2 0
github.com/sanity-io/mendoza/patcher.go:206.10,208.4 1 0
github.com/sanity-io/mendoza/patcher.go:209.3,211.21 3 0
github.com/sanity-io/mendoza/patcher.go:214.2,214.34 1 0
github.com/sanity-io/mendoza/patcher.go:217.57,220.25 2 0
github.com/sanity-io/mendoza/patcher.go:220.25,222.10 2 0
github.com/sanity-io/mendoza/patcher.go:222.10,224.4 1 0
github.com/sanity-io/mendoza/patcher.go:225.3,226.21 2 0
github.com/sanity-io/mendoza/patcher.go:229.2,229.35 1 0
github.com/sanity-io/mendoza/patcher.go:232.45,237.2 2 0
github.com/sanity-io/mendoza/patcher.go:239.44,245.2 3 0
github.com/sanity-io/mendoza/patcher.go:247.45,252.2 2 0
github.com/sanity-io/mendoza/patcher.go:254.56,258.16 4 0
github.com/sanity-io/mendoza/patcher.go:258.16,260.3 1 0
github.com/sanity-io/mendoza/patcher.go:261.2,262.12 2 0
github.com/sanity-io/mendoza/patcher.go:265.63,270.16 5 0
github.com/sanity-io/mendoza/patcher.go:270.16,272.3 1 0
github.com/sanity-io/mendoza/patcher.go:273.2,274.12 2 0
github.com/sanity-io/mendoza/patcher.go:277.55,281.16 4 0
github.com/sanity-io/mendoza/patcher.go:281.16,283.3 1 0
github.com/sanity-io/mendoza/patcher.go:284.2,285.12 2 0
github.com/sanity-io/mendoza/patcher.go:288.49,290.16 2 0
github.com/sanity-io/mendoza/patcher.go:290.16,292.3 1 0
github.com/sanity-io/mendoza/patcher.go:293.2,294.34 2 0
github.com/sanity-io/mendoza/patcher.go:294.34,296.3 1 0
github.com/sanity-io/mendoza/patcher.go:297.2,301.12 2 0
github.com/sanity-io/mendoza/patcher.go:304.51,306.16 2 0
github.com/sanity-io/mendoza/patcher.go:306.16,308.3 1 0
github.com/sanity-io/mendoza/patcher.go:309.2,309.42 1 0
github.com/sanity-io/mendoza/patcher.go:309.42,311.3 1 0
github.com/sanity-io/mendoza/patcher.go:312.2,313.34 2 0
github.com/sanity-io/mendoza/patcher.go:313.34,315.3 1 0
github.com/sanity-io/mendoza/patcher.go:316.2,319.12 2 0
github.com/sanity-io/mendoza/patcher.go:322.50,324.41 2 0
github.com/sanity-io/mendoza/patcher.go:324.41,326.3 1 0
github.com/sanity-io/mendoza/patcher.go:327.2,329.12 3 0
github.com/sanity-io/mendoza/patcher.go:332.43,335.2 2 0
github.com/sanity-io/mendoza/patcher.go:337.53,338.50 1 0
github.com/sanity-io/mendoza/patcher.go:338.50,340.3 1 0
github.com/sanity-io/mendoza/patcher.go:341.2,341.29 1 0
github.com/sanity-io/mendoza/patcher.go:344.54,345.50 1 0
github.com/sanity-io/mendoza/patcher.go:345.50,347.3 1 0
github.com/sanity-io/mendoza/patcher.go:348.2,348.30 1 0
github.com/sanity-io/mendoza/patcher.go:351.55,352.52 1 0
github.com/sanity-io/mendoza/patcher.go:352.52,354.3 1 0
github.com/sanity-io/mendoza/patcher.go:355.2,355.29 1 0
github.com/sanity-io/mendoza/patcher.go:358.56,359.52 1 0
github.com/sanity-io/mendoza/patcher.go:359.52,361.3 1 0
github.com/sanity-io/mendoza/patcher.go:362.2,362.30 1 0
github.com/sanity-io/mendoza/patcher.go:365.59,366.57 1 0
github.com/sanity-io/mendoza/patcher.go:366.57,368.3 1 0
github.com/sanity-io/mendoza/patcher.go:369.2,369.28 1 0
github.com/sanity-io/mendoza/patcher.go:372.66,373.64 1 0
github.com/sanity-io/mendoza/patcher.go:373.64,375.3 1 0
github.com/sanity-io/mendoza/patcher.go:376.2,376.28 1 0
github.com/sanity-io/mendoza/patcher.go:379.58,380.56 1 0
github.com/sanity-io/mendoza/patcher.go:380.56,382.3 1 0
github.com/sanity-io/mendoza/patcher.go:383.2,383.28 1 0
github.com/sanity-io/mendoza/patcher.go:386.59,387.46 1 0
github.com/sanity-io/mendoza/patcher.go:387.46,389.3 1 0
github.com/sanity-io/mendoza/patcher.go:390.2,390.41 1 0
github.com/sanity-io/mendoza/patcher.go:393.55,394.50 1 0
github.com/sanity-io/mendoza/patcher.go:394.50,396.3 1 0
github.com/sanity-io/mendoza/patcher.go:397.2,397.45 1 0
github.com/sanity-io/mendoza/patcher.go:397.45,399.3 1 0
github.com/sanity-io/mendoza/patcher.go:400.2,400.64 1 0
github.com/sanity-io/mendoza/patcher.go:400.64,402.3 1 0
github.com/sanity-io/mendoza/patcher.go:403.2,403.28 1 0
github.com/sanity-io/mendoza/patcher.go:406.57,408.16 2 0
github.com/sanity-io/mendoza/patcher.go:408.16,410.3 1 0
github.com/sanity-io/mendoza/patcher.go:411.2,412.16 2 0
github.com/sanity-io/mendoza/patcher.go:412.16,414.3 1 0
github.com/sanity-io/mendoza/patcher.go:415.2,416.12 2 0
github.com/sanity-io/mendoza/patcher.go:419.56,421.16 2 0
github.com/sanity-io/mendoza/patcher.go:421.16,423.3 1 0
github.com/sanity-io/mendoza/patcher.go:424.2,425.12 2 0
github.com/sanity-io/mendoza/patcher.go:428.56,430.16 2 0
github.com/sanity-io/mendoza/patcher.go:430.16,432.3 1 0
github.com/sanity-io/mendoza/patcher.go:433.2,433.62 1 0
github.com/sanity-io/mendoza/patcher.go:433.62,435.3 1 0
github.com/sanity-io/mendoza/patcher.go:436.2,437.16 2 0
github.com/sanity-io/mendoza/patcher.go:437.16,439.3 1 0
github.com/sanity-io/mendoza/patcher.go:440.2,441.12 2 0
github.com/sanity-io/mendoza/patcher.go:444.58,446.16 2 0
github.com/sanity-io/mendoza/patcher.go:446.16,448.3 1 0
github.com/sanity-io/mendoza/patcher.go:449.2,450.12 2 0
github.com/sanity-io/mendoza/patcher.go:453.57,455.16 2 0
github.com/sanity-io/mendoza/patcher.go:455.16,457.3 1 0
github.com/sanity-io/mendoza/patcher.go:458.2,458.62 1 0
github.com/sanity-io/mendoza/patcher.go:458.62,460.3 1 0
github.com/sanity-io/mendoza/patcher.go:461.2,462.16 2 0
github.com/sanity-io/mendoza/patcher.go:462.16,464.3 1 0
github.com/sanity-io/mendoza/patcher.go:465.2,466.12 2 0
github.com/sanity-io/mendoza/cmd/dozadiff/main.go:11.53,13.16 2 0
github.com/sanity-io/mendoza/cmd/dozadiff/main.go:13.16,15.3 1 0
github.com/sanity-io/mendoza/cmd/dozadiff/main.go:16.2,19.16 4 0
github.com/sanity-io/mendoza/cmd/dozadiff/main.go:19.16,21.3 1 0
github.com/sanity-io/mendoza/cmd/dozadiff/main.go:22.2,22.17 1 0
github.com/sanity-io/mendoza/cmd/dozadiff/main.go:25.44,27.16 2 0
github.com/sanity-io/mendoza/cmd/dozadiff/main.go:27.16,29.3 1 0
github.com/sanity-io/mendoza/cmd/dozadiff/main.go:30.2,31.16 2 0
github.com/sanity-io/mendoza/cmd/dozadiff/main.go:31.16,33.3 1 0
github.com/sanity-io/mendoza/cmd/dozadiff/main.go:35.2,36.16 2 0
github.com/sanity-io/mendoza/cmd/dozadiff/main.go:36.16,38.3 1 0
github.com/sanity-io/mendoza/cmd/dozadiff/main.go:40.2,42.16 3 0
github.com/sanity-io/mendoza/cmd/dozadiff/main.go:42.16,44.3 1 0
github.com/sanity-io/mendoza/cmd/dozadiff/main.go:46.2,46.12 1 0
github.com/sanity-io/mendoza/cmd/dozadiff/main.go:49.13,50.23 1 0
github.com/sanity-io/mendoza/cmd/dozadiff/main.go:50.23,53.3 2 0
github.com/sanity-io/mendoza/cmd/dozadiff/main.go:55.2,56.16 2 0
github.com/sanity-io/mendoza/cmd/dozadiff/main.go:56.16,59.3 2 0
github.com/sanity-io/mendoza/cmd/dozapatch/main.go:11.56,13.16 2 0
github.com/sanity-io/mendoza/cmd/dozapatch/main.go:13.16,15.3 1 0
github.com/sanity-io/mendoza/cmd/dozapatch/main.go:16.2,17.29 2 0
github.com/sanity-io/mendoza/cmd/dozapatch/main.go:20.48,22.58 2 0
github.com/sanity-io/mendoza/cmd/dozapatch/main.go:22.58,24.3 1 0
github.com/sanity-io/mendoza/cmd/dozapatch/main.go:26.2,27.52 2 0
github.com/sanity-io/mendoza/cmd/dozapatch/main.go:27.52,29.3 1 0
github.com/sanity-io/mendoza/cmd/dozapatch/main.go:31.2,34.47 3 0
github.com/sanity-io/mendoza/cmd/dozapatch/main.go:34.47,36.3 1 0
github.com/sanity-io/mendoza/cmd/dozapatch/main.go:38.2,38.12 1 0
github.com/sanity-io/mendoza/cmd/dozapatch/main.go:41.13,42.23 1 0
github.com/sanity-io/mendoza/cmd/dozapatch/main.go:42.23,45.3 2 0
github.com/sanity-io/mendoza/cmd/dozapatch/main.go:47.2,48.16 2 0
github.com/sanity-io/mendoza/cmd/dozapatch/main.go:48.16,51.3 2 0
github.com/sanity-io/mendoza/internal/fuzz/fuzz.go:12.41,16.16 3 0
github.com/sanity-io/mendoza/internal/fuzz/fuzz.go:16.16,17.13 1 0
github.com/sanity-io/mendoza/internal/fuzz/fuzz.go:19.2,20.16 2 0
github.com/sanity-io/mendoza/internal/fuzz/fuzz.go:20.16,21.13 1 0
github.com/sanity-io/mendoza/internal/fuzz/fuzz.go:24.2,24.40 1 0
github.com/sanity-io/mendoza/internal/fuzz/fuzz.go:24.40,25.47 1 0
github.com/sanity-io/mendoza/internal/fuzz/fuzz.go:29.44,31.16 2 0
github.com/sanity-io/mendoza/internal/fuzz/fuzz.go:31.16,32.13 1 0
github.com/sanity-io/mendoza/internal/fuzz/fuzz.go:35.2,36.16 2 0
github.com/sanity-io/mendoza/internal/fuzz/fuzz.go:36.16,37.13 1 0
github.com/sanity-io/mendoza/internal/fuzz/fuzz.go:40.2,40.40 1 0
github.com/sanity-io/mendoza/internal/fuzz/fuzz.go:40.40,41.50 1 0
github.com/sanity-io/mendoza/internal/fuzz/fuzz.go:45.28,46.23 1 0
github.com/sanity-io/mendoza/internal/fuzz/fuzz.go:46.23,48.3 1 0
github.com/sanity-io/mendoza/internal/fuzz/fuzz.go:50.2,54.16 4 0
github.com/sanity-io/mendoza/internal/fuzz/fuzz.go:54.16,56.3 1 0
github.com/sanity-io/mendoza/internal/fuzz/fuzz.go:58.2,59.16 2 0
github.com/sanity-io/mendoza/internal/fuzz/fuzz.go:59.16,61.3 1 0
github.com/sanity-io/mendoza/internal/fuzz/fuzz.go:63.2,64.16 2 0
github.com/sanity-io/mendoza/internal/fuzz/fuzz.go:64.16,65.13 1 0
github.com/sanity-io/mendoza/internal/fuzz/fuzz.go:68.2,69.49 2 0
github.com/sanity-io/mendoza/internal/fuzz/fuzz.go:69.49,70.33 1 0
github.com/sanity-io/mendoza/internal/fuzz/fuzz.go:73.2,74.47 2 0
github.com/sanity-io/mendoza/internal/fuzz/fuzz.go:74.47,75.35 1 0
github.com/sanity-io/mendoza/internal/fuzz/fuzz.go:78.2,83.10 5 0
github.com/sanity-io/mendoza/internal/mendoza/hash_index.go:8.50,14.43 2 0
github.com/sanity-io/mendoza/internal/mendoza/hash_index.go:14.43,17.30 2 0
github.com/sanity-io/mendoza/internal/mendoza/hash_index.go:17.30,18.58 1 0
github.com/sanity-io/mendoza/internal/mendoza/hash_index.go:18.58,25.61 5 0
github.com/sanity-io/mendoza/internal/mendoza/hash_index.go:25.61,27.14 1 0
github.com/sanity-io/mendoza/internal/mendoza/hash_index.go:30.5,30.54 1 0
github.com/sanity-io/mendoza/internal/mendoza/hash_index.go:35.2,35.18 1 0
github.com/sanity-io/mendoza/internal/mendoza/hash_list.go:15.103,18.16 3 0
github.com/sanity-io/mendoza/internal/mendoza/hash_list.go:18.16,20.3 1 0
github.com/sanity-io/mendoza/internal/mendoza/hash_list.go:21.2,21.22 1 0
github.com/sanity-io/mendoza/internal/mendoza/hash_list.go:29.55,31.2 1 0
github.com/sanity-io/mendoza/internal/mendoza/hash_list.go:33.45,35.2 1 0
github.com/sanity-io/mendoza/internal/mendoza/hash_list.go:47.46,50.2 2 0
github.com/sanity-io/mendoza/internal/mendoza/hash_list.go:52.48,55.2 2 0
github.com/sanity-io/mendoza/internal/mendoza/hash_list.go:57.62,60.2 2 0
github.com/sanity-io/mendoza/internal/mendoza/hash_list.go:62.114,67.33 3 0
github.com/sanity-io/mendoza/internal/mendoza/hash_list.go:67.33,69.3 1 0
github.com/sanity-io/mendoza/internal/mendoza/hash_list.go:71.2,78.27 2 0
github.com/sanity-io/mendoza/internal/mendoza/hash_list.go:79.11,81.11 2 0
github.com/sanity-io/mendoza/internal/mendoza/hash_list.go:82.12,83.10 1 0
github.com/sanity-io/mendoza/internal/mendoza/hash_list.go:83.10,85.4 1 0
github.com/sanity-io/mendoza/internal/mendoza/hash_list.go:85.9,87.4 1 0
github.com/sanity-io/mendoza/internal/mendoza/hash_list.go:88.3,88.11 1 0
github.com/sanity-io/mendoza/internal/mendoza/hash_list.go:89.15,91.11 2 0
github.com/sanity-io/mendoza/internal/mendoza/hash_list.go:92.14,94.22 2 0
github.com/sanity-io/mendoza/internal/mendoza/hash_list.go:95.30,101.30 4 0
github.com/sanity-io/mendoza/internal/mendoza/hash_list.go:101.30,105.18 4 0
github.com/sanity-io/mendoza/internal/mendoza/hash_list.go:105.18,107.5 1 0
github.com/sanity-io/mendoza/internal/mendoza/hash_list.go:109.4,111.21 2 0
github.com/sanity-io/mendoza/internal/mendoza/hash_list.go:111.21,114.5 2 0
github.com/sanity-io/mendoza/internal/mendoza/hash_list.go:116.4,119.26 3 0
github.com/sanity-io/mendoza/internal/mendoza/hash_list.go:122.3,122.24 1 0
github.com/sanity-io/mendoza/internal/mendoza/hash_list.go:123.21,128.31 3 0
github.com/sanity-io/mendoza/internal/mendoza/hash_list.go:128.31,132.18 3 0
github.com/sanity-io/mendoza/internal/mendoza/hash_list.go:132.18,134.5 1 0
github.com/sanity-io/mendoza/internal/mendoza/hash_list.go:136.4,138.21 2 0
github.com/sanity-io/mendoza/internal/mendoza/hash_list.go:138.21,141.5 2 0
github.com/sanity-io/mendoza/internal/mendoza/hash_list.go:143.4,145.34 2 0
github.com/sanity-io/mendoza/internal/mendoza/hash_list.go:148.3,148.24 1 0
github.com/sanity-io/mendoza/internal/mendoza/hash_list.go:149.10,150.63 1 0
github.com/sanity-io/mendoza/internal/mendoza/hash_list.go:153.2,158.26 5 0
github.com/sanity-io/mendoza/internal/mendoza/hash_list.go:161.47,166.2 1 0
github.com/sanity-io/mendoza/internal/mendoza/hash_list.go:173.32,175.2 1 0
github.com/sanity-io/mendoza/internal/mendoza/hash_list.go:177.38,179.2 1 0
github.com/sanity-io/mendoza/internal/mendoza/hash_list.go:181.33,183.2 1 0
github.com/sanity-io/mendoza/internal/mendoza/hash_list.go:185.31,187.2 1 0
github.com/sanity-io/mendoza/internal/mendoza/hash_list.go:189.24,191.2 1 0
github.com/sanity-io/mendoza/internal/mendoza/hash_list.go:193.52,195.21 2 0
github.com/sanity-io/mendoza/internal/mendoza/hash_list.go:195.21,197.3 1 0
github.com/sanity-io/mendoza/internal/mendoza/hash_list.go:198.2,199.13 2 0
github.com/sanity-io/mendoza/internal/mendoza/hasher.go:16.32,17.26 1 0
github.com/sanity-io/mendoza/internal/mendoza/hasher.go:17.26,19.3 1 0
github.com/sanity-io/mendoza/internal/mendoza/hasher.go:22.29,23.22 1 0
github.com/sanity-io/mendoza/internal/mendoza/hasher.go:23.22,24.13 1 0
github.com/sanity-io/mendoza/internal/mendoza/hasher.go:24.13,26.4 1 0
github.com/sanity-io/mendoza/internal/mendoza/hasher.go:28.2,28.13 1 0
github.com/sanity-io/mendoza/internal/mendoza/hasher.go:51.31,57.2 3 0
github.com/sanity-io/mendoza/internal/mendoza/hasher.go:59.27,62.2 2 0
github.com/sanity-io/mendoza/internal/mendoza/hasher.go:72.32,76.2 3 0
github.com/sanity-io/mendoza/internal/mendoza/hasher.go:78.34,85.2 6 0
github.com/sanity-io/mendoza/internal/mendoza/hasher.go:87.29,89.2 1 0
github.com/sanity-io/mendoza/internal/mendoza/hasher.go:91.53,95.2 3 0
github.com/sanity-io/mendoza/internal/mendoza/hasher.go:97.43,99.2 1 0
github.com/sanity-io/mendoza/internal/sha256/sha256.go:60.50,62.13 2 1
github.com/sanity-io/mendoza/internal/sha256/sha256.go:62.13,64.3 1 1
github.com/sanity-io/mendoza/internal/sha256/sha256.go:64.8,66.3 1 1
github.com/sanity-io/mendoza/internal/sha256/sha256.go:67.2,78.15 12 1
github.com/sanity-io/mendoza/internal/sha256/sha256.go:81.50,82.137 1 1
github.com/sanity-io/mendoza/internal/sha256/sha256.go:82.137,84.3 1 1
github.com/sanity-io/mendoza/internal/sha256/sha256.go:85.2,85.29 1 1
github.com/sanity-io/mendoza/internal/sha256/sha256.go:85.29,87.3 1 1
github.com/sanity-io/mendoza/internal/sha256/sha256.go:88.2,100.12 13 1
github.com/sanity-io/mendoza/internal/sha256/sha256.go:103.46,107.2 3 1
github.com/sanity-io/mendoza/internal/sha256/sha256.go:109.46,113.2 3 1
github.com/sanity-io/mendoza/internal/sha256/sha256.go:115.47,120.2 3 1
github.com/sanity-io/mendoza/internal/sha256/sha256.go:122.47,126.2 3 1
github.com/sanity-io/mendoza/internal/sha256/sha256.go:128.26,129.14 1 1
github.com/sanity-io/mendoza/internal/sha256/sha256.go:129.14,138.3 8 1
github.com/sanity-io/mendoza/internal/sha256/sha256.go:138.8,147.3 8 1
github.com/sanity-io/mendoza/internal/sha256/sha256.go:148.2,149.11 2 1
github.com/sanity-io/mendoza/internal/sha256/sha256.go:156.20,160.2 3 1
github.com/sanity-io/mendoza/internal/sha256/sha256.go:163.25,168.2 4 1
github.com/sanity-io/mendoza/internal/sha256/sha256.go:170.29,171.14 1 1
github.com/sanity-io/mendoza/internal/sha256/sha256.go:171.14,173.3 1 1
github.com/sanity-io/mendoza/internal/sha256/sha256.go:174.2,174.16 1 1
github.com/sanity-io/mendoza/internal/sha256/sha256.go:177.34,177.54 1 1
github.com/sanity-io/mendoza/internal/sha256/sha256.go:179.54,182.14 3 1
github.com/sanity-io/mendoza/internal/sha256/sha256.go:182.14,185.20 3 1
github.com/sanity-io/mendoza/internal/sha256/sha256.go:185.20,188.4 2 1
github.com/sanity-io/mendoza/internal/sha256/sha256.go:189.3,189.12 1 1
github.com/sanity-io/mendoza/internal/sha256/sha256.go:191.2,191.21 1 1
github.com/sanity-io/mendoza/internal/sha256/sha256.go:191.21,195.3 3 1
github.com/sanity-io/mendoza/internal/sha256/sha256.go:196.2,196.16 1 1
github.com/sanity-io/mendoza/internal/sha256/sha256.go:196.16,198.3 1 1
github.com/sanity-io/mendoza/internal/sha256/sha256.go:199.2,199.8 1 1
github.com/sanity-io/mendoza/internal/sha256/sha256.go:202.40,207.2 3 1
github.com/sanity-io/mendoza/internal/sha256/sha256.go:209.40,214.17 4 1
github.com/sanity-io/mendoza/internal/sha256/sha256.go:214.17,216.3 1 1
github.com/sanity-io/mendoza/internal/sha256/sha256.go:216.8,218.3 1 1
github.com/sanity-io/mendoza/internal/sha256/sha256.go:221.2,225.15 4 1
github.com/sanity-io/mendoza/internal/sha256/sha256.go:225.15,226.21 1 0
github.com/sanity-io/mendoza/internal/sha256/sha256.go:229.2,236.15 6 1
github.com/sanity-io/mendoza/internal/sha256/sha256block.go:80.42,83.22 3 1
github.com/sanity-io/mendoza/internal/sha256/sha256block.go:83.22,86.27 1 1
github.com/sanity-io/mendoza/internal/sha256/sha256block.go:86.27,89.4 2 1
github.com/sanity-io/mendoza/internal/sha256/sha256block.go:90.3,90.28 1 1
github.com/sanity-io/mendoza/internal/sha256/sha256block.go:90.28,96.4 5 1
github.com/sanity-io/mendoza/internal/sha256/sha256block.go:98.3,100.27 2 1
github.com/sanity-io/mendoza/internal/sha256/sha256block.go:100.27,113.4 10 1
github.com/sanity-io/mendoza/internal/sha256/sha256block.go:115.3,124.16 9 1
github.com/sanity-io/mendoza/internal/sha256/sha256block.go:127.2,127.113 1 1
github.com/sanity-io/mendoza/internal/sha256/sha256block_arm64.go:14.35,15.24 1 1
github.com/sanity-io/mendoza/internal/sha256/sha256block_arm64.go:15.24,17.3 1 1
github.com/sanity-io/mendoza/internal/sha256/sha256block_arm64.go:17.8,20.3 2 0
github.com/sanity-io/mendoza/pkg/mendozamsgpack/impl.go:18.51,21.16 3 0
github.com/sanity-io/mendoza/pkg/mendozamsgpack/impl.go:21.16,23.3 1 0
github.com/sanity-io/mendoza/pkg/mendozamsgpack/impl.go:24.2,24.14 1 0
github.com/sanity-io/mendoza/pkg/mendozamsgpack/impl.go:24.14,26.3 1 0
github.com/sanity-io/mendoza/pkg/mendozamsgpack/impl.go:27.2,27.15 1 0
github.com/sanity-io/mendoza/pkg/mendozamsgpack/impl.go:31.52,34.16 3 0
github.com/sanity-io/mendoza/pkg/mendozamsgpack/impl.go:34.16,36.3 1 0
github.com/sanity-io/mendoza/pkg/mendozamsgpack/impl.go:37.2,37.36 1 0
github.com/sanity-io/mendoza/pkg/mendozamsgpack/impl.go:45.43,47.2 1 0
github.com/sanity-io/mendoza/pkg/mendozamsgpack/impl.go:49.40,51.2 1 0
github.com/sanity-io/mendoza/pkg/mendozamsgpack/impl.go:53.45,55.2 1 0
github.com/sanity-io/mendoza/pkg/mendozamsgpack/impl.go:57.49,59.2 1 0
github.com/sanity-io/mendoza/pkg/mendozamsgpack/impl.go:61.70,63.28 2 0
github.com/sanity-io/mendoza/pkg/mendozamsgpack/impl.go:63.28,65.17 2 0
github.com/sanity-io/mendoza/pkg/mendozamsgpack/impl.go:65.17,67.4 1 0
github.com/sanity-io/mendoza/pkg/mendozamsgpack/impl.go:70.2,70.12 1 0
github.com/sanity-io/mendoza/pkg/mendozamsgpack/impl.go:77.44,79.2 1 0
github.com/sanity-io/mendoza/pkg/mendozamsgpack/impl.go:81.41,84.2 2 0
github.com/sanity-io/mendoza/pkg/mendozamsgpack/impl.go:86.46,88.2 1 0
github.com/sanity-io/mendoza/pkg/mendozamsgpack/impl.go:90.50,93.16 3 0
github.com/sanity-io/mendoza/pkg/mendozamsgpack/impl.go:93.16,95.3 1 0
github.com/sanity-io/mendoza/pkg/mendozamsgpack/impl.go:96.2,96.20 1 0
github.com/sanity-io/mendoza/pkg/mendozamsgpack/impl.go:99.70,104.6 3 0
github.com/sanity-io/mendoza/pkg/mendozamsgpack/impl.go:104.6,106.20 2 0
github.com/sanity-io/mendoza/pkg/mendozamsgpack/impl.go:106.20,108.4 1 0
github.com/sanity-io/mendoza/pkg/mendozamsgpack/impl.go:109.3,109.17 1 0
github.com/sanity-io/mendoza/pkg/mendozamsgpack/impl.go:109.17,111.4 1 0
github.com/sanity-io/mendoza/pkg/mendozamsgpack/impl.go:112.3,112.30 1 0
github.com/sanity-io/mendoza/differ.go:18.58,20.2 1 1
github.com/sanity-io/mendoza/differ.go:26.71,28.2 1 1
github.com/sanity-io/mendoza/differ.go:31.77,32.17 1 1
github.com/sanity-io/mendoza/differ.go:32.17,33.19 1 0
github.com/sanity-io/mendoza/differ.go:33.19,35.4 1 0
github.com/sanity-io/mendoza/differ.go:36.3,36.37 1 0
github.com/sanity-io/mendoza/differ.go:39.2,40.16 2 1
github.com/sanity-io/mendoza/differ.go:40.16,42.3 1 0
github.com/sanity-io/mendoza/differ.go:43.2,44.16 2 1
github.com/sanity-io/mendoza/differ.go:44.16,46.3 1 0
github.com/sanity-io/mendoza/differ.go:48.2,54.28 3 1
github.com/sanity-io/mendoza/differ.go:59.90,60.33 1 1
github.com/sanity-io/mendoza/differ.go:60.33,62.3 1 0
github.com/sanity-io/mendoza/differ.go:64.2,64.17 1 1
github.com/sanity-io/mendoza/differ.go:64.17,66.3 1 0
github.com/sanity-io/mendoza/differ.go:68.2,68.18 1 1
github.com/sanity-io/mendoza/differ.go:68.18,70.3 1 0
github.com/sanity-io/mendoza/differ.go:72.2,73.16 2 1
github.com/sanity-io/mendoza/differ.go:73.16,75.3 1 0
github.com/sanity-io/mendoza/differ.go:76.2,77.16 2 1
github.com/sanity-io/mendoza/differ.go:77.16,79.3 1 0
github.com/sanity-io/mendoza/differ.go:81.2,96.53 5 1
github.com/sanity-io/mendoza/differ.go:130.32,133.41 2 1
github.com/sanity-io/mendoza/differ.go:133.41,136.3 1 0
github.com/sanity-io/mendoza/differ.go:138.2,150.22 4 1
github.com/sanity-io/mendoza/differ.go:150.22,152.3 1 1
github.com/sanity-io/mendoza/differ.go:154.2,154.18 1 1
github.com/sanity-io/mendoza/differ.go:165.69,166.21 1 1
github.com/sanity-io/mendoza/differ.go:166.21,170.3 3 1
github.com/sanity-io/mendoza/differ.go:173.55,174.20 1 1
github.com/sanity-io/mendoza/differ.go:174.20,176.3 1 1
github.com/sanity-io/mendoza/differ.go:178.2,180.27 2 1
github.com/sanity-io/mendoza/differ.go:180.27,183.3 2 1
github.com/sanity-io/mendoza/differ.go:185.2,185.29 1 1
github.com/sanity-io/mendoza/differ.go:185.29,188.3 2 1
github.com/sanity-io/mendoza/differ.go:190.2,190.49 1 1
github.com/sanity-io/mendoza/differ.go:190.49,193.3 2 1
github.com/sanity-io/mendoza/differ.go:196.52,197.14 1 1
github.com/sanity-io/mendoza/differ.go:197.14,200.3 2 1
github.com/sanity-io/mendoza/differ.go:202.2,207.33 4 1
github.com/sanity-io/mendoza/differ.go:207.33,209.3 1 1
github.com/sanity-io/mendoza/differ.go:209.8,211.3 1 1
github.com/sanity-io/mendoza/differ.go:213.2,213.29 1 1
github.com/sanity-io/mendoza/differ.go:216.51,217.14 1 1
github.com/sanity-io/mendoza/differ.go:217.14,220.3 1 1
github.com/sanity-io/mendoza/differ.go:222.2,227.33 4 1
github.com/sanity-io/mendoza/differ.go:227.33,229.3 1 1
github.com/sanity-io/mendoza/differ.go:229.8,231.3 1 0
github.com/sanity-io/mendoza/differ.go:233.2,233.29 1 1
github.com/sanity-io/mendoza/differ.go:271.62,276.2 4 1
github.com/sanity-io/mendoza/differ.go:278.99,283.30 3 1
github.com/sanity-io/mendoza/differ.go:283.30,289.3 2 1
github.com/sanity-io/mendoza/differ.go:291.2,291.15 1 1
github.com/sanity-io/mendoza/differ.go:291.15,292.22 1 0
github.com/sanity-io/mendoza/differ.go:292.22,295.4 1 0
github.com/sanity-io/mendoza/differ.go:297.3,297.38 1 0
github.com/sanity-io/mendoza/differ.go:297.38,300.4 1 0
github.com/sanity-io/mendoza/differ.go:303.2,306.3 1 1
github.com/sanity-io/mendoza/differ.go:309.69,312.2 2 0
github.com/sanity-io/mendoza/differ.go:314.95,316.2 1 0
github.com/sanity-io/mendoza/differ.go:318.58,341.27 3 1
github.com/sanity-io/mendoza/differ.go:341.27,342.54 1 1
github.com/sanity-io/mendoza/differ.go:342.54,343.12 1 0
github.com/sanity-io/mendoza/differ.go:346.3,348.40 3 1
github.com/sanity-io/mendoza/differ.go:351.2,354.55 2 1
github.com/sanity-io/mendoza/differ.go:354.55,360.57 4 1
github.com/sanity-io/mendoza/differ.go:360.57,363.29 2 1
github.com/sanity-io/mendoza/differ.go:363.29,364.74 1 1
github.com/sanity-io/mendoza/differ.go:364.74,368.6 3 0
github.com/sanity-io/mendoza/differ.go:373.2,373.55 1 1
github.com/sanity-io/mendoza/differ.go:373.55,377.62 3 1
github.com/sanity-io/mendoza/differ.go:377.62,380.36 2 1
github.com/sanity-io/mendoza/differ.go:380.36,382.45 2 1
github.com/sanity-io/mendoza/differ.go:382.45,384.6 1 1
github.com/sanity-io/mendoza/differ.go:390.2,390.34 1 1
github.com/sanity-io/mendoza/differ.go:390.34,394.56 3 1
github.com/sanity-io/mendoza/differ.go:394.56,400.42 4 1
github.com/sanity-io/mendoza/differ.go:400.42,401.31 1 1
github.com/sanity-io/mendoza/differ.go:401.31,404.24 2 1
github.com/sanity-io/mendoza/differ.go:404.24,405.12 1 1
github.com/sanity-io/mendoza/differ.go:408.6,408.25 1 1
github.com/sanity-io/mendoza/differ.go:408.25,416.12 4 1
github.com/sanity-io/mendoza/differ.go:419.6,419.24 1 1
github.com/sanity-io/mendoza/differ.go:422.4,422.7 1 1
github.com/sanity-io/mendoza/differ.go:426.2,426.55 1 1
github.com/sanity-io/mendoza/differ.go:426.55,428.3 1 1
github.com/sanity-io/mendoza/differ.go:430.2,430.34 1 1
github.com/sanity-io/mendoza/differ.go:430.34,438.62 5 1
github.com/sanity-io/mendoza/differ.go:438.62,440.43 2 1
github.com/sanity-io/mendoza/differ.go:440.44,442.5 0 1
github.com/sanity-io/mendoza/differ.go:442.10,444.5 1 1
github.com/sanity-io/mendoza/differ.go:447.3,452.31 4 1
github.com/sanity-io/mendoza/differ.go:452.31,457.4 1 1
github.com/sanity-io/mendoza/differ.go:459.3,459.13 1 1
github.com/sanity-io/mendoza/differ.go:459.13,461.4 1 1
github.com/sanity-io/mendoza/differ.go:461.9,463.4 1 1
github.com/sanity-io/mendoza/differ.go:465.3,467.13 2 1
github.com/sanity-io/mendoza/differ.go:467.13,469.41 1 1
github.com/sanity-io/mendoza/differ.go:469.41,472.5 2 1
github.com/sanity-io/mendoza/differ.go:475.3,475.56 1 1
github.com/sanity-io/mendoza/differ.go:475.56,479.45 3 1
github.com/sanity-io/mendoza/differ.go:479.45,480.22 1 1
github.com/sanity-io/mendoza/differ.go:480.22,481.17 1 1
github.com/sanity-io/mendoza/differ.go:481.17,485.7 2 1
github.com/sanity-io/mendoza/differ.go:486.11,492.6 2 1
github.com/sanity-io/mendoza/differ.go:493.10,497.72 2 1
github.com/sanity-io/mendoza/differ.go:497.72,498.48 1 1
github.com/sanity-io/mendoza/differ.go:498.48,500.32 1 1
github.com/sanity-io/mendoza/differ.go:500.32,504.42 3 1
github.com/sanity-io/mendoza/differ.go:504.42,507.9 2 1
github.com/sanity-io/mendoza/differ.go:507.14,510.9 2 0
github.com/sanity-io/mendoza/differ.go:511.8,511.23 1 1
github.com/sanity-io/mendoza/differ.go:514.7,514.12 1 1
github.com/sanity-io/mendoza/differ.go:518.5,518.18 1 1
github.com/sanity-io/mendoza/differ.go:518.18,524.6 2 1
github.com/sanity-io/mendoza/differ.go:528.3,529.68 2 1
github.com/sanity-io/mendoza/differ.go:549.64,553.2 3 1
github.com/sanity-io/mendoza/differ.go:555.101,561.34 2 1
github.com/sanity-io/mendoza/differ.go:561.34,564.3 1 0
github.com/sanity-io/mendoza/differ.go:566.2,566.60 1 1
github.com/sanity-io/mendoza/differ.go:566.60,567.46 1 1
github.com/sanity-io/mendoza/differ.go:567.46,576.4 4 1
github.com/sanity-io/mendoza/differ.go:578.3,578.44 1 1
github.com/sanity-io/mendoza/differ.go:578.44,581.10 1 1
github.com/sanity-io/mendoza/differ.go:581.10,585.5 1 0
github.com/sanity-io/mendoza/differ.go:589.2,589.45 1 1
github.com/sanity-io/mendoza/differ.go:589.45,592.3 1 0
github.com/sanity-io/mendoza/differ.go:594.2,597.3 1 1
github.com/sanity-io/mendoza/differ.go:600.60,606.27 3 1
github.com/sanity-io/mendoza/differ.go:606.27,607.56 1 1
github.com/sanity-io/mendoza/differ.go:607.56,608.12 1 0
github.com/sanity-io/mendoza/differ.go:611.3,613.40 3 1
github.com/sanity-io/mendoza/differ.go:616.2,616.55 1 1
github.com/sanity-io/mendoza/differ.go:616.55,620.64 3 1
github.com/sanity-io/mendoza/differ.go:620.64,623.36 2 1
github.com/sanity-io/mendoza/differ.go:623.36,625.45 2 1
github.com/sanity-io/mendoza/differ.go:625.45,627.6 1 1
github.com/sanity-io/mendoza/differ.go:633.2,633.34 1 1
github.com/sanity-io/mendoza/differ.go:633.34,637.56 3 1
github.com/sanity-io/mendoza/differ.go:637.56,638.28 1 1
github.com/sanity-io/mendoza/differ.go:638.28,639.10 1 0
github.com/sanity-io/mendoza/differ.go:642.4,644.62 2 1
github.com/sanity-io/mendoza/differ.go:644.62,653.5 3 1
github.com/sanity-io/mendoza/differ.go:655.4,656.22 2 1
github.com/sanity-io/mendoza/differ.go:660.2,660.55 1 1
github.com/sanity-io/mendoza/differ.go:660.55,662.3 1 1
github.com/sanity-io/mendoza/differ.go:664.2,664.34 1 1
github.com/sanity-io/mendoza/differ.go:664.34,674.56 7 1
github.com/sanity-io/mendoza/differ.go:674.56,678.40 3 1
github.com/sanity-io/mendoza/differ.go:678.40,679.25 1 1
github.com/sanity-io/mendoza/differ.go:679.25,681.6 1 1
github.com/sanity-io/mendoza/differ.go:683.5,683.29 1 1
github.com/sanity-io/mendoza/differ.go:683.30,685.6 0 1
github.com/sanity-io/mendoza/differ.go:685.11,689.6 3 1
github.com/sanity-io/mendoza/differ.go:690.10,693.53 2 1
github.com/sanity-io/mendoza/differ.go:693.53,694.45 1 1
github.com/sanity-io/mendoza/differ.go:694.45,695.34 1 1
github.com/sanity-io/mendoza/differ.go:695.34,702.8 5 1
github.com/sanity-io/mendoza/differ.go:704.7,704.12 1 1
github.com/sanity-io/mendoza/differ.go:708.5,708.18 1 1
github.com/sanity-io/mendoza/differ.go:708.18,711.6 2 1
github.com/sanity-io/mendoza/differ.go:715.3,716.68 2 1
github.com/sanity-io/mendoza/differ.go:723.36,725.31 2 1
github.com/sanity-io/mendoza/differ.go:725.31,728.15 3 1
github.com/sanity-io/mendoza/differ.go:728.15,729.9 1 1
github.com/sanity-io/mendoza/differ.go:731.3,731.12 1 1
github.com/sanity-io/mendoza/differ.go:733.2,733.10 1 1
github.com/sanity-io/mendoza/differ.go:736.48,738.45 2 1
github.com/sanity-io/mendoza/differ.go:738.45,742.15 3 1
github.com/sanity-io/mendoza/differ.go:742.15,743.9 1 1
github.com/sanity-io/mendoza/differ.go:746.3,746.12 1 1
github.com/sanity-io/mendoza/differ.go:748.2,748.10 1 1
github.com/sanity-io/mendoza/differ.go:751.81,752.32 1 1
github.com/sanity-io/mendoza/differ.go:752.32,756.10 3 1
github.com/sanity-io/mendoza/differ.go:756.10,757.12 1 0
github.com/sanity-io/mendoza/differ.go:760.3,760.32 1 1
github.com/sanity-io/mendoza/differ.go:760.32,761.49 1 0
github.com/sanity-io/mendoza/differ.go:764.3,772.17 6 1
github.com/sanity-io/mendoza/differ.go:772.17,775.4 2 1
github.com/sanity-io/mendoza/differ.go:777.3,780.19 3 1
github.com/sanity-io/mendoza/differ.go:780.19,783.4 2 1
github.com/sanity-io/mendoza/differ.go:785.3,785.17 1 1
github.com/sanity-io/mendoza/differ.go:785.17,788.4 2 1
github.com/sanity-io/mendoza/differ.go:790.3,791.72 2 1
github.com/sanity-io/mendoza/format.go:66.37,68.16 2 1
github.com/sanity-io/mendoza/format.go:68.16,70.3 1 1
github.com/sanity-io/mendoza/format.go:72.2,73.14 2 1
github.com/sanity-io/mendoza/format.go:74.17,75.18 1 1
github.com/sanity-io/mendoza/format.go:76.16,77.17 1 1
github.com/sanity-io/mendoza/format.go:78.17,79.18 1 1
github.com/sanity-io/mendoza/format.go:80.27,81.28 1 1
github.com/sanity-io/mendoza/format.go:82.28,83.29 1 0
github.com/sanity-io/mendoza/format.go:84.35,85.36 1 1
github.com/sanity-io/mendoza/format.go:86.21,87.22 1 1
github.com/sanity-io/mendoza/format.go:88.23,89.24 1 1
github.com/sanity-io/mendoza/format.go:90.22,91.23 1 1
github.com/sanity-io/mendoza/format.go:92.15,93.16 1 1
github.com/sanity-io/mendoza/format.go:94.25,95.26 1 1
github.com/sanity-io/mendoza/format.go:96.26,97.27 1 1
github.com/sanity-io/mendoza/format.go:98.27,99.28 1 1
github.com/sanity-io/mendoza/format.go:100.28,101.29 1 1
github.com/sanity-io/mendoza/format.go:102.31,103.32 1 1
github.com/sanity-io/mendoza/format.go:104.38,105.39 1 1
github.com/sanity-io/mendoza/format.go:106.30,107.31 1 1
github.com/sanity-io/mendoza/format.go:108.31,109.32 1 1
github.com/sanity-io/mendoza/format.go:110.27,111.28 1 1
github.com/sanity-io/mendoza/format.go:112.29,113.30 1 1
github.com/sanity-io/mendoza/format.go:114.28,115.29 1 1
github.com/sanity-io/mendoza/format.go:116.28,117.29 1 1
github.com/sanity-io/mendoza/format.go:118.30,119.31 1 1
github.com/sanity-io/mendoza/format.go:120.29,121.30 1 1
github.com/sanity-io/mendoza/format.go:122.10,123.53 1 0
github.com/sanity-io/mendoza/format.go:126.2,127.16 2 1
github.com/sanity-io/mendoza/format.go:127.16,129.3 1 0
github.com/sanity-io/mendoza/format.go:130.2,130.16 1 1
github.com/sanity-io/mendoza/format.go:134.37,137.19 2 1
github.com/sanity-io/mendoza/format.go:138.16,139.19 1 1
github.com/sanity-io/mendoza/format.go:140.15,141.18 1 1
github.com/sanity-io/mendoza/format.go:142.16,143.19 1 1
github.com/sanity-io/mendoza/format.go:144.26,145.29 1 1
github.com/sanity-io/mendoza/format.go:146.27,147.30 1 0
github.com/sanity-io/mendoza/format.go:148.34,149.37 1 1
github.com/sanity-io/mendoza/format.go:150.20,151.23 1 1
github.com/sanity-io/mendoza/format.go:152.22,153.25 1 1
github.com/sanity-io/mendoza/format.go:154.21,155.24 1 1
github.com/sanity-io/mendoza/format.go:156.14,157.17 1 1
github.com/sanity-io/mendoza/format.go:158.24,159.27 1 1
github.com/sanity-io/mendoza/format.go:160.25,161.28 1 1
github.com/sanity-io/mendoza/format.go:162.26,163.29 1 1
github.com/sanity-io/mendoza/format.go:164.27,165.30 1 1
github.com/sanity-io/mendoza/format.go:166.30,167.33 1 1
github.com/sanity-io/mendoza/format.go:168.37,169.40 1 1
github.com/sanity-io/mendoza/format.go:170.29,171.32 1 1
github.com/sanity-io/mendoza/format.go:172.30,173.33 1 1
github.com/sanity-io/mendoza/format.go:174.26,175.29 1 1
github.com/sanity-io/mendoza/format.go:176.28,177.31 1 1
github.com/sanity-io/mendoza/format.go:178.27,179.30 1 1
github.com/sanity-io/mendoza/format.go:180.27,181.30 1 1
github.com/sanity-io/mendoza/format.go:182.29,183.32 1 1
github.com/sanity-io/mendoza/format.go:184.28,185.31 1 1
github.com/sanity-io/mendoza/format.go:188.2,189.16 2 1
github.com/sanity-io/mendoza/format.go:189.16,191.3 1 0
github.com/sanity-io/mendoza/format.go:193.2,194.16 2 1
github.com/sanity-io/mendoza/format.go:194.16,196.3 1 0
github.com/sanity-io/mendoza/format.go:198.2,198.12 1 1
github.com/sanity-io/mendoza/format.go:202.44,203.27 1 0
github.com/sanity-io/mendoza/format.go:203.27,205.17 2 0
github.com/sanity-io/mendoza/format.go:205.17,207.4 1 0
github.com/sanity-io/mendoza/format.go:210.2,210.12 1 0
github.com/sanity-io/mendoza/format.go:213.46,216.6 2 0
github.com/sanity-io/mendoza/format.go:216.6,218.20 2 0
github.com/sanity-io/mendoza/format.go:218.20,219.9 1 0
github.com/sanity-io/mendoza/format.go:222.3,222.17 1 0
github.com/sanity-io/mendoza/format.go:222.17,224.4 1 0
github.com/sanity-io/mendoza/format.go:226.3,226.30 1 0
github.com/sanity-io/mendoza/format.go:229.2,229.12 1 0
github.com/sanity-io/mendoza/format.go:232.61,234.16 2 0
github.com/sanity-io/mendoza/format.go:234.16,236.3 1 0
github.com/sanity-io/mendoza/format.go:238.2,238.16 1 0
github.com/sanity-io/mendoza/format.go:238.16,240.3 1 0
github.com/sanity-io/mendoza/format.go:242.2,242.24 1 0
github.com/sanity-io/mendoza/format.go:245.58,247.16 2 0
github.com/sanity-io/mendoza/format.go:247.16,249.3 1 0
github.com/sanity-io/mendoza/format.go:253.2,253.27 1 0
github.com/sanity-io/mendoza/format.go:254.15,256.19 2 0
github.com/sanity-io/mendoza/format.go:256.19,258.4 1 0
github.com/sanity-io/mendoza/format.go:259.3,259.17 1 0
github.com/sanity-io/mendoza/format.go:259.17,261.4 1 0
github.com/sanity-io/mendoza/format.go:262.3,262.26 1 0
github.com/sanity-io/mendoza/format.go:263.11,264.14 1 0
github.com/sanity-io/mendoza/format.go:264.14,266.4 1 0
github.com/sanity-io/mendoza/format.go:267.3,267.18 1 0
github.com/sanity-io/mendoza/format.go:268.10,269.50 1 0
github.com/sanity-io/mendoza/format.go:273.63,275.16 2 0
github.com/sanity-io/mendoza/format.go:275.16,277.3 1 0
github.com/sanity-io/mendoza/format.go:279.2,280.9 2 0
github.com/sanity-io/mendoza/format.go:280.9,282.3 1 0
github.com/sanity-io/mendoza/format.go:284.2,284.17 1 0
github.com/sanity-io/mendoza/format.go:289.53,292.2 2 1
github.com/sanity-io/mendoza/format.go:294.54,297.2 2 1
github.com/sanity-io/mendoza/format.go:299.52,301.2 1 1
github.com/sanity-io/mendoza/format.go:303.53,305.2 1 1
github.com/sanity-io/mendoza/format.go:307.53,309.2 1 1
github.com/sanity-io/mendoza/format.go:311.54,313.2 1 1
github.com/sanity-io/mendoza/format.go:315.64,318.2 2 1
github.com/sanity-io/mendoza/format.go:320.65,323.2 2 1
github.com/sanity-io/mendoza/format.go:325.71,327.2 1 1
github.com/sanity-io/mendoza/format.go:329.72,331.2 1 1
github.com/sanity-io/mendoza/format.go:333.63,335.2 1 1
github.com/sanity-io/mendoza/format.go:337.64,339.2 1 1
github.com/sanity-io/mendoza/format.go:341.57,344.2 2 1
github.com/sanity-io/mendoza/format.go:346.58,349.2 2 1
github.com/sanity-io/mendoza/format.go:351.59,354.2 2 1
github.com/sanity-io/mendoza/format.go:356.60,359.2 2 1
github.com/sanity-io/mendoza/format.go:361.58,364.2 2 1
github.com/sanity-io/mendoza/format.go:366.59,369.2 2 1
github.com/sanity-io/mendoza/format.go:371.51,373.2 1 1
github.com/sanity-io/mendoza/format.go:375.52,377.2 1 1
github.com/sanity-io/mendoza/format.go:381.61,384.2 2 1
github.com/sanity-io/mendoza/format.go:386.62,389.2 2 1
github.com/sanity-io/mendoza/format.go:391.62,394.2 2 1
github.com/sanity-io/mendoza/format.go:396.63,399.2 2 1
github.com/sanity-io/mendoza/format.go:401.63,404.2 2 1
github.com/sanity-io/mendoza/format.go:406.64,409.2 2 1
github.com/sanity-io/mendoza/format.go:411.64,414.2 2 1
github.com/sanity-io/mendoza/format.go:416.65,419.2 2 1
github.com/sanity-io/mendoza/format.go:421.67,424.2 2 1
github.com/sanity-io/mendoza/format.go:426.68,429.2 2 1
github.com/sanity-io/mendoza/format.go:431.74,433.2 1 1
github.com/sanity-io/mendoza/format.go:435.75,437.2 1 1
github.com/sanity-io/mendoza/format.go:439.66,442.2 2 1
github.com/sanity-io/mendoza/format.go:444.67,447.2 2 1
github.com/sanity-io/mendoza/format.go:449.67,451.16 2 1
github.com/sanity-io/mendoza/format.go:451.16,453.3 1 0
github.com/sanity-io/mendoza/format.go:454.2,455.8 2 1
github.com/sanity-io/mendoza/format.go:458.68,460.16 2 1
github.com/sanity-io/mendoza/format.go:460.16,462.3 1 0
github.com/sanity-io/mendoza/format.go:463.2,464.8 2 1
github.com/sanity-io/mendoza/format.go:467.63,469.16 2 1
github.com/sanity-io/mendoza/format.go:469.16,471.3 1 0
github.com/sanity-io/mendoza/format.go:472.2,472.8 1 1
github.com/sanity-io/mendoza/format.go:475.64,477.16 2 1
github.com/sanity-io/mendoza/format.go:477.16,479.3 1 0
github.com/sanity-io/mendoza/format.go:480.2,480.8 1 1
github.com/sanity-io/mendoza/format.go:483.65,486.2 2 1
github.com/sanity-io/mendoza/format.go:488.66,491.2 2 1
github.com/sanity-io/mendoza/format.go:493.64,496.2 2 1
github.com/sanity-io/mendoza/format.go:498.65,501.2 2 1
github.com/sanity-io/mendoza/format.go:503.64,505.16 2 1
github.com/sanity-io/mendoza/format.go:505.16,507.3 1 0
github.com/sanity-io/mendoza/format.go:508.2,509.8 2 1
github.com/sanity-io/mendoza/format.go:512.65,514.16 2 1
github.com/sanity-io/mendoza/format.go:514.16,516.3 1 0
github.com/sanity-io/mendoza/format.go:517.2,518.8 2 1
github.com/sanity-io/mendoza/format.go:521.66,524.2 2 1
github.com/sanity-io/mendoza/format.go:526.67,529.2 2 1
github.com/sanity-io/mendoza/format.go:531.65,533.16 2 1
github.com/sanity-io/mendoza/format.go:533.16,535.3 1 0
github.com/sanity-io/mendoza/format.go:536.2,537.8 2 1
github.com/sanity-io/mendoza/format.go:540.66,542.16 2 1
github.com/sanity-io/mendoza/format.go:542.16,544.3 1 0
github.com/sanity-io/mendoza/format.go:545.2,546.8 2 1
github.com/sanity-io/mendoza/json.go:15.48,17.2 1 0
github.com/sanity-io/mendoza/json.go:19.45,21.2 1 0
github.com/sanity-io/mendoza/json.go:23.50,25.2 1 0
github.com/sanity-io/mendoza/json.go:27.54,30.16 3 0
github.com/sanity-io/mendoza/json.go:30.16,32.3 1 0
github.com/sanity-io/mendoza/json.go:33.2,34.12 2 0
github.com/sanity-io/mendoza/json.go:37.29,38.24 1 0
github.com/sanity-io/mendoza/json.go:38.24,40.3 1 0
github.com/sanity-io/mendoza/json.go:40.8,42.3 1 0
github.com/sanity-io/mendoza/json.go:45.40,46.24 1 0
github.com/sanity-io/mendoza/json.go:46.24,48.3 1 0
github.com/sanity-io/mendoza/json.go:50.2,51.17 2 0
github.com/sanity-io/mendoza/json.go:58.37,59.19 1 0
github.com/sanity-io/mendoza/json.go:59.19,61.17 2 0
github.com/sanity-io/mendoza/json.go:61.17,63.4 1 0
github.com/sanity-io/mendoza/json.go:64.3,64.27 1 0
github.com/sanity-io/mendoza/json.go:64.27,66.4 1 0
github.com/sanity-io/mendoza/json.go:68.3,68.16 1 0
github.com/sanity-io/mendoza/json.go:71.2,71.12 1 0
github.com/sanity-io/mendoza/json.go:74.49,76.2 1 0
github.com/sanity-io/mendoza/json.go:78.46,80.2 1 0
github.com/sanity-io/mendoza/json.go:82.51,84.2 1 0
github.com/sanity-io/mendoza/json.go:86.55,88.16 2 0
github.com/sanity-io/mendoza/json.go:88.16,90.3 1 0
github.com/sanity-io/mendoza/json.go:91.2,93.16 3 0
github.com/sanity-io/mendoza/json.go:93.16,95.3 1 0
github.com/sanity-io/mendoza/json.go:96.2,96.17 1 0
github.com/sanity-io/mendoza/json.go:99.42,101.16 2 0
github.com/sanity-io/mendoza/json.go:101.16,103.3 1 0
github.com/sanity-io/mendoza/json.go:105.2,105.26 1 0
github.com/sanity-io/mendoza/json.go:105.26,107.3 1 0
github.com/sanity-io/mendoza/json.go:109.2,109.12 1 0
github.com/sanity-io/mendoza/json.go:117.54,119.2 1 0
github.com/sanity-io/mendoza/json.go:121.51,123.2 1 0
github.com/sanity-io/mendoza/json.go:125.56,127.2 1 0
github.com/sanity-io/mendoza/json.go:129.60,130.26 1 0
github.com/sanity-io/mendoza/json.go:130.26,132.3 1 0
github.com/sanity-io/mendoza/json.go:133.2,135.25 3 0
github.com/sanity-io/mendoza/json.go:138.50,141.16 3 0
github.com/sanity-io/mendoza/json.go:141.16,143.3 1 0
github.com/sanity-io/mendoza/json.go:144.2,144.26 1 0
github.com/sanity-io/mendoza/json.go:147.54,153.16 3 0
github.com/sanity-io/mendoza/json.go:153.16,155.3 1 0
github.com/sanity-io/mendoza/json.go:157.2,157.27 1 0
github.com/sanity-io/mendoza/json.go:161.58,164.2 2 0
github.com/sanity-io/mendoza/options.go:14.97,17.2 2 0
github.com/sanity-io/mendoza/patcher.go:36.74,38.2 1 1
github.com/sanity-io/mendoza/patcher.go:44.60,46.2 1 1
github.com/sanity-io/mendoza/patcher.go:50.93,51.21 1 1
github.com/sanity-io/mendoza/patcher.go:51.21,53.3 1 0
github.com/sanity-io/mendoza/patcher.go:55.2,55.32 1 1
github.com/sanity-io/mendoza/patcher.go:55.32,57.3 1 0
github.com/sanity-io/mendoza/patcher.go:59.2,65.27 2 1
github.com/sanity-io/mendoza/patcher.go:65.27,66.40 1 1
github.com/sanity-io/mendoza/patcher.go:66.40,68.4 1 1
github.com/sanity-io/mendoza/patcher.go:71.2,71.24 1 1
github.com/sanity-io/mendoza/patcher.go:76.79,78.16 2 1
github.com/sanity-io/mendoza/patcher.go:78.16,79.13 1 0
github.com/sanity-io/mendoza/patcher.go:81.2,81.15 1 1
github.com/sanity-io/mendoza/patcher.go:84.36,86.2 1 1
github.com/sanity-io/mendoza/patcher.go:88.37,90.2 1 1
github.com/sanity-io/mendoza/patcher.go:92.50,93.34 1 1
github.com/sanity-io/mendoza/patcher.go:93.35,95.3 0 0
github.com/sanity-io/mendoza/patcher.go:97.2,97.55 1 1
github.com/sanity-io/mendoza/patcher.go:100.52,102.2 1 1
github.com/sanity-io/mendoza/patcher.go:104.48,105.33 1 1
github.com/sanity-io/mendoza/patcher.go:105.33,107.3 1 1
github.com/sanity-io/mendoza/patcher.go:109.2,109.32 1 1
github.com/sanity-io/mendoza/patcher.go:109.32,111.3 1 1
github.com/sanity-io/mendoza/patcher.go:113.2,113.35 1 1
github.com/sanity-io/mendoza/patcher.go:113.35,115.3 1 1
github.com/sanity-io/mendoza/patcher.go:117.2,117.21 1 1
github.com/sanity-io/mendoza/patcher.go:120.64,121.25 1 1
github.com/sanity-io/mendoza/patcher.go:121.25,123.10 2 1
github.com/sanity-io/mendoza/patcher.go:123.10,125.4 1 0
github.com/sanity-io/mendoza/patcher.go:126.3,128.24 3 1
github.com/sanity-io/mendoza/patcher.go:128.24,130.4 1 1
github.com/sanity-io/mendoza/patcher.go:131.3,132.28 2 1
github.com/sanity-io/mendoza/patcher.go:132.28,138.4 2 1
github.com/sanity-io/mendoza/patcher.go:139.3,139.24 1 1
github.com/sanity-io/mendoza/patcher.go:142.2,142.41 1 1
github.com/sanity-io/mendoza/patcher.go:142.41,144.3 1 0
github.com/sanity-io/mendoza/patcher.go:146.2,146.31 1 1
github.com/sanity-io/mendoza/patcher.go:149.71,151.9 2 0
github.com/sanity-io/mendoza/patcher.go:151.9,153.3 1 0
github.com/sanity-io/mendoza/patcher.go:154.2,154.17 1 0
github.com/sanity-io/mendoza/patcher.go:157.61,159.9 2 1
github.com/sanity-io/mendoza/patcher.go:159.9,161.3 1 0
github.com/sanity-io/mendoza/patcher.go:162.2,162.17 1 1
github.com/sanity-io/mendoza/patcher.go:165.55,167.9 2 1
github.com/sanity-io/mendoza/patcher.go:167.9,169.3 1 0
github.com/sanity-io/mendoza/patcher.go:170.2,170.17 1 1
github.com/sanity-io/mendoza/patcher.go:173.46,176.2 2 1
github.com/sanity-io/mendoza/patcher.go:178.72,181.33 2 1
github.com/sanity-io/mendoza/patcher.go:181.33,182.26 1 1
github.com/sanity-io/mendoza/patcher.go:182.26,184.4 1 1
github.com/sanity-io/mendoza/patcher.go:184.9,186.11 2 1
github.com/sanity-io/mendoza/patcher.go:186.11,188.5 1 0
github.com/sanity-io/mendoza/patcher.go:189.4,191.26 2 1
github.com/sanity-io/mendoza/patcher.go:191.26,193.5 1 1
github.com/sanity-io/mendoza/patcher.go:194.4,194.30 1 1
github.com/sanity-io/mendoza/patcher.go:198.2,198.34 1 1
github.com/sanity-io/mendoza/patcher.go:201.63,204.25 2 1
github.com/sanity-io/mendoza/patcher.go:204.25,206.10 2 0
github.com/sanity-io/mendoza/patcher.go:206.10,208.4 1 0
github.com/sanity-io/mendoza/patcher.go:209.3,211.21 3 0
github.com/sanity-io/mendoza/patcher.go:214.2,214.34 1 1
github.com/sanity-io/mendoza/patcher.go:217.57,220.25 2 1
github.com/sanity-io/mendoza/patcher.go:220.25,222.10 2 0
github.com/sanity-io/mendoza/patcher.go:222.10,224.4 1 0
github.com/sanity-io/mendoza/patcher.go:225.3,226.21 2 0
github.com/sanity-io/mendoza/patcher.go:229.2,229.35 1 1
github.com/sanity-io/mendoza/patcher.go:232.45,237.2 2 1
github.com/sanity-io/mendoza/patcher.go:239.44,245.2 3 1
github.com/sanity-io/mendoza/patcher.go:247.45,252.2 2 1
github.com/sanity-io/mendoza/patcher.go:254.56,258.16 4 1
github.com/sanity-io/mendoza/patcher.go:258.16,260.3 1 0
github.com/sanity-io/mendoza/patcher.go:261.2,262.12 2 1
github.com/sanity-io/mendoza/patcher.go:265.63,270.16 5 1
github.com/sanity-io/mendoza/patcher.go:270.16,272.3 1 0
github.com/sanity-io/mendoza/patcher.go:273.2,274.12 2 1
github.com/sanity-io/mendoza/patcher.go:277.55,281.16 4 1
github.com/sanity-io/mendoza/patcher.go:281.16,283.3 1 0
github.com/sanity-io/mendoza/patcher.go:284.2,285.12 2 1
github.com/sanity-io/mendoza/patcher.go:288.49,290.16 2 1
github.com/sanity-io/mendoza/patcher.go:290.16,292.3 1 0
github.com/sanity-io/mendoza/patcher.go:293.2,294.34 2 1
github.com/sanity-io/mendoza/patcher.go:294.34,296.3 1 0
github.com/sanity-io/mendoza/patcher.go:297.2,301.12 2 1
github.com/sanity-io/mendoza/patcher.go:304.51,306.16 2 1
github.com/sanity-io/mendoza/patcher.go:306.16,308.3 1 0
github.com/sanity-io/mendoza/patcher.go:309.2,309.42 1 1
github.com/sanity-io/mendoza/patcher.go:309.42,311.3 1 0
github.com/sanity-io/mendoza/patcher.go:312.2,313.34 2 1
github.com/sanity-io/mendoza/patcher.go:313.34,315.3 1 0
github.com/sanity-io/mendoza/patcher.go:316.2,319.12 2 1
github.com/sanity-io/mendoza/patcher.go:322.50,324.41 2 1
github.com/sanity-io/mendoza/patcher.go:324.41,326.3 1 1
github.com/sanity-io/mendoza/patcher.go:327.2,329.12 3 1
github.com/sanity-io/mendoza/patcher.go:332.43,335.2 2 1
github.com/sanity-io/mendoza/patcher.go:337.53,338.50 1 1
github.com/sanity-io/mendoza/patcher.go:338.50,340.3 1 0
github.com/sanity-io/mendoza/patcher.go:341.2,341.29 1 1
github.com/sanity-io/mendoza/patcher.go:344.54,345.50 1 1
github.com/sanity-io/mendoza/patcher.go:345.50,347.3 1 0
github.com/sanity-io/mendoza/patcher.go:348.2,348.30 1 1
github.com/sanity-io/mendoza/patcher.go:351.55,352.52 1 0
github.com/sanity-io/mendoza/patcher.go:352.52,354.3 1 0
github.com/sanity-io/mendoza/patcher.go:355.2,355.29 1 0
github.com/sanity-io/mendoza/patcher.go:358.56,359.52 1 1
github.com/sanity-io/mendoza/patcher.go:359.52,361.3 1 0
github.com/sanity-io/mendoza/patcher.go:362.2,362.30 1 1
github.com/sanity-io/mendoza/patcher.go:365.59,366.57 1 1
github.com/sanity-io/mendoza/patcher.go:366.57,368.3 1 0
github.com/sanity-io/mendoza/patcher.go:369.2,369.28 1 1
github.com/sanity-io/mendoza/patcher.go:372.66,373.64 1 1
github.com/sanity-io/mendoza/patcher.go:373.64,375.3 1 0
github.com/sanity-io/mendoza/patcher.go:376.2,376.28 1 1
github.com/sanity-io/mendoza/patcher.go:379.58,380.56 1 1
github.com/sanity-io/mendoza/patcher.go:380.56,382.3 1 0
github.com/sanity-io/mendoza/patcher.go:383.2,383.28 1 1
github.com/sanity-io/mendoza/patcher.go:386.59,387.46 1 1
github.com/sanity-io/mendoza/patcher.go:387.46,389.3 1 0
github.com/sanity-io/mendoza/patcher.go:390.2,390.41 1 1
github.com/sanity-io/mendoza/patcher.go:393.55,394.50 1 1
github.com/sanity-io/mendoza/patcher.go:394.50,396.3 1 0
github.com/sanity-io/mendoza/patcher.go:397.2,397.45 1 1
github.com/sanity-io/mendoza/patcher.go:397.45,399.3 1 0
github.com/sanity-io/mendoza/patcher.go:400.2,400.64 1 1
github.com/sanity-io/mendoza/patcher.go:400.64,402.3 1 0
github.com/sanity-io/mendoza/patcher.go:403.2,403.28 1 1
github.com/sanity-io/mendoza/patcher.go:406.57,408.16 2 1
github.com/sanity-io/mendoza/patcher.go:408.16,410.3 1 0
github.com/sanity-io/mendoza/patcher.go:411.2,412.16 2 1
github.com/sanity-io/mendoza/patcher.go:412.16,414.3 1 0
github.com/sanity-io/mendoza/patcher.go:415.2,416.12 2 1
github.com/sanity-io/mendoza/patcher.go:419.56,421.16 2 1
github.com/sanity-io/mendoza/patcher.go:421.16,423.3 1 0
github.com/sanity-io/mendoza/patcher.go:424.2,425.12 2 1
github.com/sanity-io/mendoza/patcher.go:428.56,430.16 2 1
github.com/sanity-io/mendoza/patcher.go:430.16,432.3 1 0
github.com/sanity-io/mendoza/patcher.go:433.2,433.62 1 1
github.com/sanity-io/mendoza/patcher.go:433.62,435.3 1 0
github.com/sanity-io/mendoza/patcher.go:436.2,437.16 2 1
github.com/sanity-io/mendoza/patcher.go:437.16,439.3 1 0
github.com/sanity-io/mendoza/patcher.go:440.2,441.12 2 1
github.com/sanity-io/mendoza/patcher.go:444.58,446.16 2 1
github.com/sanity-io/mendoza/patcher.go:446.16,448.3 1 0
github.com/sanity-io/mendoza/patcher.go:449.2,450.12 2 1
github.com/sanity-io/mendoza/patcher.go:453.57,455.16 2 1
github.com/sanity-io/mendoza/patcher.go:455.16,457.3 1 0
github.com/sanity-io/mendoza/patcher.go:458.2,458.62 1 1
github.com/sanity-io/mendoza/patcher.go:458.62,460.3 1 0
github.com/sanity-io/mendoza/patcher.go:461.2,462.16 2 1
github.com/sanity-io/mendoza/patcher.go:462.16,464.3 1 0
github.com/sanity-io/mendoza/patcher.go:465.2,466.12 2 1
github.com/sanity-io/mendoza/cmd/dozadiff/main.go:11.53,13.16 2 0
github.com/sanity-io/mendoza/cmd/dozadiff/main.go:13.16,15.3 1 0
github.com/sanity-io/mendoza/cmd/dozadiff/main.go:16.2,19.16 4 0
github.com/sanity-io/mendoza/cmd/dozadiff/main.go:19.16,21.3 1 0
github.com/sanity-io/mendoza/cmd/dozadiff/main.go:22.2,22.17 1 0
github.com/sanity-io/mendoza/cmd/dozadiff/main.go:25.44,27.16 2 0
github.com/sanity-io/mendoza/cmd/dozadiff/main.go:27.16,29.3 1 0
github.com/sanity-io/mendoza/cmd/dozadiff/main.go:30.2,31.16 2 0
github.com/sanity-io/mendoza/cmd/dozadiff/main.go:31.16,33.3 1 0
github.com/sanity-io/mendoza/cmd/dozadiff/main.go:35.2,36.16 2 0
github.com/sanity-io/mendoza/cmd/dozadiff/main.go:36.16,38.3 1 0
github.com/sanity-io/mendoza/cmd/dozadiff/main.go:40.2,42.16 3 0
github.com/sanity-io/mendoza/cmd/dozadiff/main.go:42.16,44.3 1 0
github.com/sanity-io/mendoza/cmd/dozadiff/main.go:46.2,46.12 1 0
github.com/sanity-io/mendoza/cmd/dozadiff/main.go:49.13,50.23 1 0
github.com/sanity-io/mendoza/cmd/dozadiff/main.go:50.23,53.3 2 0
github.com/sanity-io/mendoza/cmd/dozadiff/main.go:55.2,56.16 2 0
github.com/sanity-io/mendoza/cmd/dozadiff/main.go:56.16,59.3 2 0
github.com/sanity-io/mendoza/cmd/dozapatch/main.go:11.56,13.16 2 0
github.com/sanity-io/mendoza/cmd/dozapatch/main.go:13.16,15.3 1 0
github.com/sanity-io/mendoza/cmd/dozapatch/main.go:16.2,17.29 2 0
github.com/sanity-io/mendoza/cmd/dozapatch/main.go:20.48,22.58 2 0
github.com/sanity-io/mendoza/cmd/dozapatch/main.go:22.58,24.3 1 0
github.com/sanity-io/mendoza/cmd/dozapatch/main.go:26.2,27.52 2 0
github.com/sanity-io/mendoza/cmd/dozapatch/main.go:27.52,29.3 1 0
github.com/sanity-io/mendoza/cmd/dozapatch/main.go:31.2,34.47 3 0
github.com/sanity-io/mendoza/cmd/dozapatch/main.go:34.47,36.3 1 0
github.com/sanity-io/mendoza/cmd/dozapatch/main.go:38.2,38.12 1 0
github.com/sanity-io/mendoza/cmd/dozapatch/main.go:41.13,42.23 1 0
github.com/sanity-io/mendoza/cmd/dozapatch/main.go:42.23,45.3 2 0
github.com/sanity-io/mendoza/cmd/dozapatch/main.go:47.2,48.16 2 0
github.com/sanity-io/mendoza/cmd/dozapatch/main.go:48.16,51.3 2 0
github.com/sanity-io/mendoza/internal/fuzz/fuzz.go:12.41,16.16 3 0
github.com/sanity-io/mendoza/internal/fuzz/fuzz.go:16.16,17.13 1 0
github.com/sanity-io/mendoza/internal/fuzz/fuzz.go:19.2,20.16 2 0
github.com/sanity-io/mendoza/internal/fuzz/fuzz.go:20.16,21.13 1 0
github.com/sanity-io/mendoza/internal/fuzz/fuzz.go:24.2,24.40 1 0
github.com/sanity-io/mendoza/internal/fuzz/fuzz.go:24.40,25.47 1 0
github.com/sanity-io/mendoza/internal/fuzz/fuzz.go:29.44,31.16 2 0
github.com/sanity-io/mendoza/internal/fuzz/fuzz.go:31.16,32.13 1 0
github.com/sanity-io/mendoza/internal/fuzz/fuzz.go:35.2,36.16 2 0
github.com/sanity-io/mendoza/internal/fuzz/fuzz.go:36.16,37.13 1 0
github.com/sanity-io/mendoza/internal/fuzz/fuzz.go:40.2,40.40 1 0
github.com/sanity-io/mendoza/internal/fuzz/fuzz.go:40.40,41.50 1 0
github.com/sanity-io/mendoza/internal/fuzz/fuzz.go:45.28,46.23 1 0
github.com/sanity-io/mendoza/internal/fuzz/fuzz.go:46.23,48.3 1 0
github.com/sanity-io/mendoza/internal/fuzz/fuzz.go:50.2,54.16 4 0
github.com/sanity-io/mendoza/internal/fuzz/fuzz.go:54.16,56.3 1 0
github.com/sanity-io/mendoza/internal/fuzz/fuzz.go:58.2,59.16 2 0
github.com/sanity-io/mendoza/internal/fuzz/fuzz.go:59.16,61.3 1 0
github.com/sanity-io/mendoza/internal/fuzz/fuzz.go:63.2,64.16 2 0
github.com/sanity-io/mendoza/internal/fuzz/fuzz.go:64.16,65.13 1 0
github.com/sanity-io/mendoza/internal/fuzz/fuzz.go:68.2,69.49 2 0
github.com/sanity-io/mendoza/internal/fuzz/fuzz.go:69.49,70.33 1 0
github.com/sanity-io/mendoza/internal/fuzz/fuzz.go:73.2,74.47 2 0
github.com/sanity-io/mendoza/internal/fuzz/fuzz.go:74.47,75.35 1 0
github.com/sanity-io/mendoza/internal/fuzz/fuzz.go:78.2,83.10 5 0
github.com/sanity-io/mendoza/internal/mendoza/hash_index.go:8.50,14.43 2 1
github.com/sanity-io/mendoza/internal/mendoza/hash_index.go:14.43,17.30 2 1
github.com/sanity-io/mendoza/internal/mendoza/hash_index.go:17.30,18.58 1 1
github.com/sanity-io/mendoza/internal/mendoza/hash_index.go:18.58,25.61 5 1
github.com/sanity-io/mendoza/internal/mendoza/hash_index.go:25.61,27.14 1 0
github.com/sanity-io/mendoza/internal/mendoza/hash_index.go:30.5,30.54 1 1
github.com/sanity-io/mendoza/internal/mendoza/hash_index.go:35.2,35.18 1 1
github.com/sanity-io/mendoza/internal/mendoza/hash_list.go:15.103,18.16 3 1
github.com/sanity-io/mendoza/internal/mendoza/hash_list.go:18.16,20.3 1 0
github.com/sanity-io/mendoza/internal/mendoza/hash_list.go:21.2,21.22 1 1
github.com/sanity-io/mendoza/internal/mendoza/hash_list.go:29.55,31.2 1 1
github.com/sanity-io/mendoza/internal/mendoza/hash_list.go:33.45,35.2 1 1
github.com/sanity-io/mendoza/internal/mendoza/hash_list.go:47.46,50.2 2 1
github.com/sanity-io/mendoza/internal/mendoza/hash_list.go:52.48,55.2 2 1
github.com/sanity-io/mendoza/internal/mendoza/hash_list.go:57.62,60.2 2 1
github.com/sanity-io/mendoza/internal/mendoza/hash_list.go:62.114,67.33 3 1
github.com/sanity-io/mendoza/internal/mendoza/hash_list.go:67.33,69.3 1 0
github.com/sanity-io/mendoza/internal/mendoza/hash_list.go:71.2,78.27 2 1
github.com/sanity-io/mendoza/internal/mendoza/hash_list.go:79.11,81.11 2 1
github.com/sanity-io/mendoza/internal/mendoza/hash_list.go:82.12,83.10 1 1
github.com/sanity-io/mendoza/internal/mendoza/hash_list.go:83.10,85.4 1 1
github.com/sanity-io/mendoza/internal/mendoza/hash_list.go:85.9,87.4 1 1
github.com/sanity-io/mendoza/internal/mendoza/hash_list.go:88.3,88.11 1 1
github.com/sanity-io/mendoza/internal/mendoza/hash_list.go:89.15,91.11 2 1
github.com/sanity-io/mendoza/internal/mendoza/hash_list.go:92.14,94.22 2 1
github.com/sanity-io/mendoza/internal/mendoza/hash_list.go:95.30,101.30 4 1
github.com/sanity-io/mendoza/internal/mendoza/hash_list.go:101.30,105.18 4 1
github.com/sanity-io/mendoza/internal/mendoza/hash_list.go:105.18,107.5 1 0
github.com/sanity-io/mendoza/internal/mendoza/hash_list.go:109.4,111.21 2 1
github.com/sanity-io/mendoza/internal/mendoza/hash_list.go:111.21,114.5 2 1
github.com/sanity-io/mendoza/internal/mendoza/hash_list.go:116.4,119.26 3 1
github.com/sanity-io/mendoza/internal/mendoza/hash_list.go:122.3,122.24 1 1
github.com/sanity-io/mendoza/internal/mendoza/hash_list.go:123.21,128.31 3 1
github.com/sanity-io/mendoza/internal/mendoza/hash_list.go:128.31,132.18 3 1
github.com/sanity-io/mendoza/internal/mendoza/hash_list.go:132.18,134.5 1 0
github.com/sanity-io/mendoza/internal/mendoza/hash_list.go:136.4,138.21 2 1
github.com/sanity-io/mendoza/internal/mendoza/hash_list.go:138.21,141.5 2 1
github.com/sanity-io/mendoza/internal/mendoza/hash_list.go:143.4,145.34 2 1
github.com/sanity-io/mendoza/internal/mendoza/hash_list.go:148.3,148.24 1 1
github.com/sanity-io/mendoza/internal/mendoza/hash_list.go:149.10,150.63 1 0
github.com/sanity-io/mendoza/internal/mendoza/hash_list.go:153.2,158.26 5 1
github.com/sanity-io/mendoza/internal/mendoza/hash_list.go:161.47,166.2 1 1
github.com/sanity-io/mendoza/internal/mendoza/hash_list.go:173.32,175.2 1 1
github.com/sanity-io/mendoza/internal/mendoza/hash_list.go:177.38,179.2 1 1
github.com/sanity-io/mendoza/internal/mendoza/hash_list.go:181.33,183.2 1 1
github.com/sanity-io/mendoza/internal/mendoza/hash_list.go:185.31,187.2 1 1
github.com/sanity-io/mendoza/internal/mendoza/hash_list.go:189.24,191.2 1 1
github.com/sanity-io/mendoza/internal/mendoza/hash_list.go:193.52,195.21 2 1
github.com/sanity-io/mendoza/internal/mendoza/hash_list.go:195.21,197.3 1 1
github.com/sanity-io/mendoza/internal/mendoza/hash_list.go:198.2,199.13 2 1
github.com/sanity-io/mendoza/internal/mendoza/hasher.go:16.32,17.26 1 1
github.com/sanity-io/mendoza/internal/mendoza/hasher.go:17.26,19.3 1 1
github.com/sanity-io/mendoza/internal/mendoza/hasher.go:22.29,23.22 1 1
github.com/sanity-io/mendoza/internal/mendoza/hasher.go:23.22,24.13 1 1
github.com/sanity-io/mendoza/internal/mendoza/hasher.go:24.13,26.4 1 1
github.com/sanity-io/mendoza/internal/mendoza/hasher.go:28.2,28.13 1 1
github.com/sanity-io/mendoza/internal/mendoza/hasher.go:51.31,57.2 3 1
github.com/sanity-io/mendoza/internal/mendoza/hasher.go:59.27,62.2 2 1
github.com/sanity-io/mendoza/internal/mendoza/hasher.go:72.32,76.2 3 1
github.com/sanity-io/mendoza/internal/mendoza/hasher.go:78.34,85.2 6 1
github.com/sanity-io/mendoza/internal/mendoza/hasher.go:87.29,89.2 1 1
github.com/sanity-io/mendoza/internal/mendoza/hasher.go:91.53,95.2 3 1
github.com/sanity-io/mendoza/internal/mendoza/hasher.go:97.43,99.2 1 1
github.com/sanity-io/mendoza/internal/sha256/sha256.go:60.50,62.13 2 0
github.com/sanity-io/mendoza/internal/sha256/sha256.go:62.13,64.3 1 0
github.com/sanity-io/mendoza/internal/sha256/sha256.go:64.8,66.3 1 0
github.com/sanity-io/mendoza/internal/sha256/sha256.go:67.2,78.15 12 0
github.com/sanity-io/mendoza/internal/sha256/sha256.go:81.50,82.137 1 0
github.com/sanity-io/mendoza/internal/sha256/sha256.go:82.137,84.3 1 0
github.com/sanity-io/mendoza/internal/sha256/sha256.go:85.2,85.29 1 0
github.com/sanity-io/mendoza/internal/sha256/sha256.go:85.29,87.3 1 0
github.com/sanity-io/mendoza/internal/sha256/sha256.go:88.2,100.12 13 0
github.com/sanity-io/mendoza/internal/sha256/sha256.go:103.46,107.2 3 0
github.com/sanity-io/mendoza/internal/sha256/sha256.go:109.46,113.2 3 0
github.com/sanity-io/mendoza/internal/sha256/sha256.go:115.47,120.2 3 0
github.com/sanity-io/mendoza/internal/sha256/sha256.go:122.47,126.2 3 0
github.com/sanity-io/mendoza/internal/sha256/sha256.go:128.26,129.14 1 1
github.com/sanity-io/mendoza/internal/sha256/sha256.go:129.14,138.3 8 1
github.com/sanity-io/mendoza/internal/sha256/sha256.go:138.8,147.3 8 0
github.com/sanity-io/mendoza/internal/sha256/sha256.go:148.2,149.11 2 1
github.com/sanity-io/mendoza/internal/sha256/sha256.go:156.20,160.2 3 1
github.com/sanity-io/mendoza/internal/sha256/sha256.go:163.25,168.2 4 0
github.com/sanity-io/mendoza/internal/sha256/sha256.go:170.29,171.14 1 0
github.com/sanity-io/mendoza/internal/sha256/sha256.go:171.14,173.3 1 0
github.com/sanity-io/mendoza/internal/sha256/sha256.go:174.2,174.16 1 0
github.com/sanity-io/mendoza/internal/sha256/sha256.go:177.34,177.54 1 0
github.com/sanity-io/mendoza/internal/sha256/sha256.go:179.54,182.14 3 1
github.com/sanity-io/mendoza/internal/sha256/sha256.go:182.14,185.20 3 1
github.com/sanity-io/mendoza/internal/sha256/sha256.go:185.20,188.4 2 1
github.com/sanity-io/mendoza/internal/sha256/sha256.go:189.3,189.12 1 1
github.com/sanity-io/mendoza/internal/sha256/sha256.go:191.2,191.21 1 1
github.com/sanity-io/mendoza/internal/sha256/sha256.go:191.21,195.3 3 0
github.com/sanity-io/mendoza/internal/sha256/sha256.go:196.2,196.16 1 1
github.com/sanity-io/mendoza/internal/sha256/sha256.go:196.16,198.3 1 1
github.com/sanity-io/mendoza/internal/sha256/sha256.go:199.2,199.8 1 1
github.com/sanity-io/mendoza/internal/sha256/sha256.go:202.40,207.2 3 0
github.com/sanity-io/mendoza/internal/sha256/sha256.go:209.40,214.17 4 1
github.com/sanity-io/mendoza/internal/sha256/sha256.go:214.17,216.3 1 1
github.com/sanity-io/mendoza/internal/sha256/sha256.go:216.8,218.3 1 0
github.com/sanity-io/mendoza/internal/sha256/sha256.go:221.2,225.15 4 1
github.com/sanity-io/mendoza/internal/sha256/sha256.go:225.15,226.21 1 0
github.com/sanity-io/mendoza/internal/sha256/sha256.go:229.2,236.15 6 1
github.com/sanity-io/mendoza/internal/sha256/sha256block.go:80.42,83.22 3 1
github.com/sanity-io/mendoza/internal/sha256/sha256block.go:83.22,86.27 1 1
github.com/sanity-io/mendoza/internal/sha256/sha256block.go:86.27,89.4 2 1
github.com/sanity-io/mendoza/internal/sha256/sha256block.go:90.3,90.28 1 1
github.com/sanity-io/mendoza/internal/sha256/sha256block.go:90.28,96.4 5 1
github.com/sanity-io/mendoza/internal/sha256/sha256block.go:98.3,100.27 2 1
github.com/sanity-io/mendoza/internal/sha256/sha256block.go:100.27,113.4 10 1
github.com/sanity-io/mendoza/internal/sha256/sha256block.go:115.3,124.16 9 1
github.com/sanity-io/mendoza/internal/sha256/sha256block.go:127.2,127.113 1 1
github.com/sanity-io/mendoza/internal/sha256/sha256block_arm64.go:14.35,15.24 1 1
github.com/sanity-io/mendoza/internal/sha256/sha256block_arm64.go:15.24,17.3 1 1
github.com/sanity-io/mendoza/internal/sha256/sha256block_arm64.go:17.8,20.3 2 0
github.com/sanity-io/mendoza/pkg/mendozamsgpack/impl.go:18.51,21.16 3 1
github.com/sanity-io/mendoza/pkg/mendozamsgpack/impl.go:21.16,23.3 1 0
github.com/sanity-io/mendoza/pkg/mendozamsgpack/impl.go:24.2,24.14 1 1
github.com/sanity-io/mendoza/pkg/mendozamsgpack/impl.go:24.14,26.3 1 1
github.com/sanity-io/mendoza/pkg/mendozamsgpack/impl.go:27.2,27.15 1 1
github.com/sanity-io/mendoza/pkg/mendozamsgpack/impl.go:31.52,34.16 3 1
github.com/sanity-io/mendoza/pkg/mendozamsgpack/impl.go:34.16,36.3 1 0
github.com/sanity-io/mendoza/pkg/mendozamsgpack/impl.go:37.2,37.36 1 1
github.com/sanity-io/mendoza/pkg/mendozamsgpack/impl.go:45.43,47.2 1 1
github.com/sanity-io/mendoza/pkg/mendozamsgpack/impl.go:49.40,51.2 1 1
github.com/sanity-io/mendoza/pkg/mendozamsgpack/impl.go:53.45,55.2 1 1
github.com/sanity-io/mendoza/pkg/mendozamsgpack/impl.go:57.49,59.2 1 1
github.com/sanity-io/mendoza/pkg/mendozamsgpack/impl.go:61.70,63.28 2 1
github.com/sanity-io/mendoza/pkg/mendozamsgpack/impl.go:63.28,65.17 2 1
github.com/sanity-io/mendoza/pkg/mendozamsgpack/impl.go:65.17,67.4 1 0
github.com/sanity-io/mendoza/pkg/mendozamsgpack/impl.go:70.2,70.12 1 1
github.com/sanity-io/mendoza/pkg/mendozamsgpack/impl.go:77.44,79.2 1 1
github.com/sanity-io/mendoza/pkg/mendozamsgpack/impl.go:81.41,84.2 2 1
github.com/sanity-io/mendoza/pkg/mendozamsgpack/impl.go:86.46,88.2 1 1
github.com/sanity-io/mendoza/pkg/mendozamsgpack/impl.go:90.50,93.16 3 1
github.com/sanity-io/mendoza/pkg/mendozamsgpack/impl.go:93.16,95.3 1 0
github.com/sanity-io/mendoza/pkg/mendozamsgpack/impl.go:96.2,96.20 1 1
github.com/sanity-io/mendoza/pkg/mendozamsgpack/impl.go:99.70,104.6 3 1
github.com/sanity-io/mendoza/pkg/mendozamsgpack/impl.go:104.6,106.20 2 1
github.com/sanity-io/mendoza/pkg/mendozamsgpack/impl.go:106.20,108.4 1 1
github.com/sanity-io/mendoza/pkg/mendozamsgpack/impl.go:109.3,109.17 1 1
github.com/sanity-io/mendoza/pkg/mendozamsgpack/impl.go:109.17,111.4 1 0
github.com/sanity-io/mendoza/pkg/mendozamsgpack/impl.go:112.3,112.30 1 1
github.com/sanity-io/mendoza/differ.go:18.58,20.2 1 0
github.com/sanity-io/mendoza/differ.go:26.71,28.2 1 0
github.com/sanity-io/mendoza/differ.go:31.77,32.17 1 0
github.com/sanity-io/mendoza/differ.go:32.17,33.19 1 0
github.com/sanity-io/mendoza/differ.go:33.19,35.4 1 0
github.com/sanity-io/mendoza/differ.go:36.3,36.37 1 0
github.com/sanity-io/mendoza/differ.go:39.2,40.16 2 0
github.com/sanity-io/mendoza/differ.go:40.16,42.3 1 0
github.com/sanity-io/mendoza/differ.go:43.2,44.16 2 0
github.com/sanity-io/mendoza/differ.go:44.16,46.3 1 0
github.com/sanity-io/mendoza/differ.go:48.2,54.28 3 0
github.com/sanity-io/mendoza/differ.go:59.90,60.33 1 0
github.com/sanity-io/mendoza/differ.go:60.33,62.3 1 0
github.com/sanity-io/mendoza/differ.go:64.2,64.17 1 0
github.com/sanity-io/mendoza/differ.go:64.17,66.3 1 0
github.com/sanity-io/mendoza/differ.go:68.2,68.18 1 0
github.com/sanity-io/mendoza/differ.go:68.18,70.3 1 0
github.com/sanity-io/mendoza/differ.go:72.2,73.16 2 0
github.com/sanity-io/mendoza/differ.go:73.16,75.3 1 0
github.com/sanity-io/mendoza/differ.go:76.2,77.16 2 0
github.com/sanity-io/mendoza/differ.go:77.16,79.3 1 0
github.com/sanity-io/mendoza/differ.go:81.2,96.53 5 0
github.com/sanity-io/mendoza/differ.go:130.32,133.41 2 0
github.com/sanity-io/mendoza/differ.go:133.41,136.3 1 0
github.com/sanity-io/mendoza/differ.go:138.2,150.22 4 0
github.com/sanity-io/mendoza/differ.go:150.22,152.3 1 0
github.com/sanity-io/mendoza/differ.go:154.2,154.18 1 0
github.com/sanity-io/mendoza/differ.go:165.69,166.21 1 0
github.com/sanity-io/mendoza/differ.go:166.21,170.3 3 0
github.com/sanity-io/mendoza/differ.go:173.55,174.20 1 0
github.com/sanity-io/mendoza/differ.go:174.20,176.3 1 0
github.com/sanity-io/mendoza/differ.go:178.2,180.27 2 0
github.com/sanity-io/mendoza/differ.go:180.27,183.3 2 0
github.com/sanity-io/mendoza/differ.go:185.2,185.29 1 0
github.com/sanity-io/mendoza/differ.go:185.29,188.3 2 0
github.com/sanity-io/mendoza/differ.go:190.2,190.49 1 0
github.com/sanity-io/mendoza/differ.go:190.49,193.3 2 0
github.com/sanity-io/mendoza/differ.go:196.52,197.14 1 0
github.com/sanity-io/mendoza/differ.go:197.14,200.3 2 0
github.com/sanity-io/mendoza/differ.go:202.2,207.33 4 0
github.com/sanity-io/mendoza/differ.go:207.33,209.3 1 0
github.com/sanity-io/mendoza/differ.go:209.8,211.3 1 0
github.com/sanity-io/mendoza/differ.go:213.2,213.29 1 0
github.com/sanity-io/mendoza/differ.go:216.51,217.14 1 0
github.com/sanity-io/mendoza/differ.go:217.14,220.3 1 0
github.com/sanity-io/mendoza/differ.go:222.2,227.33 4 0
github.com/sanity-io/mendoza/differ.go:227.33,229.3 1 0
github.com/sanity-io/mendoza/differ.go:229.8,231.3 1 0
github.com/sanity-io/mendoza/differ.go:233.2,233.29 1 0
github.com/sanity-io/mendoza/differ.go:271.62,276.2 4 0
github.com/sanity-io/mendoza/differ.go:278.99,283.30 3 0
github.com/sanity-io/mendoza/differ.go:283.30,289.3 2 0
github.com/sanity-io/mendoza/differ.go:291.2,291.15 1 0
github.com/sanity-io/mendoza/differ.go:291.15,292.22 1 0
github.com/sanity-io/mendoza/differ.go:292.22,295.4 1 0
github.com/sanity-io/mendoza/differ.go:297.3,297.38 1 0
github.com/sanity-io/mendoza/differ.go:297.38,300.4 1 0
github.com/sanity-io/mendoza/differ.go:303.2,306.3 1 0
github.com/sanity-io/mendoza/differ.go:309.69,312.2 2 0
github.com/sanity-io/mendoza/differ.go:314.95,316.2 1 0
github.com/sanity-io/mendoza/differ.go:318.58,341.27 3 0
github.com/sanity-io/mendoza/differ.go:341.27,342.54 1 0
github.com/sanity-io/mendoza/differ.go:342.54,343.12 1 0
github.com/sanity-io/mendoza/differ.go:346.3,348.40 3 0
github.com/sanity-io/mendoza/differ.go:351.2,354.55 2 0
github.com/sanity-io/mendoza/differ.go:354.55,360.57 4 0
github.com/sanity-io/mendoza/differ.go:360.57,363.29 2 0
github.com/sanity-io/mendoza/differ.go:363.29,364.74 1 0
github.com/sanity-io/mendoza/differ.go:364.74,368.6 3 0
github.com/sanity-io/mendoza/differ.go:373.2,373.55 1 0
github.com/sanity-io/mendoza/differ.go:373.55,377.62 3 0
github.com/sanity-io/mendoza/differ.go:377.62,380.36 2 0
github.com/sanity-io/mendoza/differ.go:380.36,382.45 2 0
github.com/sanity-io/mendoza/differ.go:382.45,384.6 1 0
github.com/sanity-io/mendoza/differ.go:390.2,390.34 1 0
github.com/sanity-io/mendoza/differ.go:390.34,394.56 3 0
github.com/sanity-io/mendoza/differ.go:394.56,400.42 4 0
github.com/sanity-io/mendoza/differ.go:400.42,401.31 1 0
github.com/sanity-io/mendoza/differ.go:401.31,404.24 2 0
github.com/sanity-io/mendoza/differ.go:404.24,405.12 1 0
github.com/sanity-io/mendoza/differ.go:408.6,408.25 1 0
github.com/sanity-io/mendoza/differ.go:408.25,416.12 4 0
github.com/sanity-io/mendoza/differ.go:419.6,419.24 1 0
github.com/sanity-io/mendoza/differ.go:422.4,422.7 1 0
github.com/sanity-io/mendoza/differ.go:426.2,426.55 1 0
github.com/sanity-io/mendoza/differ.go:426.55,428.3 1 0
github.com/sanity-io/mendoza/differ.go:430.2,430.34 1 0
github.com/sanity-io/mendoza/differ.go:430.34,438.62 5 0
github.com/sanity-io/mendoza/differ.go:438.62,440.43 2 0
github.com/sanity-io/mendoza/differ.go:440.44,442.5 0 0
github.com/sanity-io/mendoza/differ.go:442.10,444.5 1 0
github.com/sanity-io/mendoza/differ.go:447.3,452.31 4 0
github.com/sanity-io/mendoza/differ.go:452.31,457.4 1 0
github.com/sanity-io/mendoza/differ.go:459.3,459.13 1 0
github.com/sanity-io/mendoza/differ.go:459.13,461.4 1 0
github.com/sanity-io/mendoza/differ.go:461.9,463.4 1 0
github.com/sanity-io/mendoza/differ.go:465.3,467.13 2 0
github.com/sanity-io/mendoza/differ.go:467.13,469.41 1 0
github.com/sanity-io/mendoza/differ.go:469.41,472.5 2 0
github.com/sanity-io/mendoza/differ.go:475.3,475.56 1 0
github.com/sanity-io/mendoza/differ.go:475.56,479.45 3 0
github.com/sanity-io/mendoza/differ.go:479.45,480.22 1 0
github.com/sanity-io/mendoza/differ.go:480.22,481.17 1 0
github.com/sanity-io/mendoza/differ.go:481.17,485.7 2 0
github.com/sanity-io/mendoza/differ.go:486.11,492.6 2 0
github.com/sanity-io/mendoza/differ.go:493.10,497.72 2 0
github.com/sanity-io/mendoza/differ.go:497.72,498.48 1 0
github.com/sanity-io/mendoza/differ.go:498.48,500.32 1 0
github.com/sanity-io/mendoza/differ.go:500.32,504.42 3 0
github.com/sanity-io/mendoza/differ.go:504.42,507.9 2 0
github.com/sanity-io/mendoza/differ.go:507.14,510.9 2 0
github.com/sanity-io/mendoza/differ.go:511.8,511.23 1 0
github.com/sanity-io/mendoza/differ.go:514.7,514.12 1 0
github.com/sanity-io/mendoza/differ.go:518.5,518.18 1 0
github.com/sanity-io/mendoza/differ.go:518.18,524.6 2 0
github.com/sanity-io/mendoza/differ.go:528.3,529.68 2 0
github.com/sanity-io/mendoza/differ.go:549.64,553.2 3 0
github.com/sanity-io/mendoza/differ.go:555.101,561.34 2 0
github.com/sanity-io/mendoza/differ.go:561.34,564.3 1 0
github.com/sanity-io/mendoza/differ.go:566.2,566.60 1 0
github.com/sanity-io/mendoza/differ.go:566.60,567.46 1 0
github.com/sanity-io/mendoza/differ.go:567.46,576.4 4 0
github.com/sanity-io/mendoza/differ.go:578.3,578.44 1 0
github.com/sanity-io/mendoza/differ.go:578.44,581.10 1 0
github.com/sanity-io/mendoza/differ.go:581.10,585.5 1 0
github.com/sanity-io/mendoza/differ.go:589.2,589.45 1 0
github.com/sanity-io/mendoza/differ.go:589.45,592.3 1 0
github.com/sanity-io/mendoza/differ.go:594.2,597.3 1 0
github.com/sanity-io/mendoza/differ.go:600.60,606.27 3 0
github.com/sanity-io/mendoza/differ.go:606.27,607.56 1 0
github.com/sanity-io/mendoza/differ.go:607.56,608.12 1 0
github.com/sanity-io/mendoza/differ.go:611.3,613.40 3 0
github.com/sanity-io/mendoza/differ.go:616.2,616.55 1 0
github.com/sanity-io/mendoza/differ.go:616.55,620.64 3 0
github.com/sanity-io/mendoza/differ.go:620.64,623.36 2 0
github.com/sanity-io/mendoza/differ.go:623.36,625.45 2 0
github.com/sanity-io/mendoza/differ.go:625.45,627.6 1 0
github.com/sanity-io/mendoza/differ.go:633.2,633.34 1 0
github.com/sanity-io/mendoza/differ.go:633.34,637.56 3 0
github.com/sanity-io/mendoza/differ.go:637.56,638.28 1 0
github.com/sanity-io/mendoza/differ.go:638.28,639.10 1 0
github.com/sanity-io/mendoza/differ.go:642.4,644.62 2 0
github.com/sanity-io/mendoza/differ.go:644.62,653.5 3 0
github.com/sanity-io/mendoza/differ.go:655.4,656.22 2 0
github.com/sanity-io/mendoza/differ.go:660.2,660.55 1 0
github.com/sanity-io/mendoza/differ.go:660.55,662.3 1 0
github.com/sanity-io/mendoza/differ.go:664.2,664.34 1 0
github.com/sanity-io/mendoza/differ.go:664.34,674.56 7 0
github.com/sanity-io/mendoza/differ.go:674.56,678.40 3 0
github.com/sanity-io/mendoza/differ.go:678.40,679.25 1 0
github.com/sanity-io/mendoza/differ.go:679.25,681.6 1 0
github.com/sanity-io/mendoza/differ.go:683.5,683.29 1 0
github.com/sanity-io/mendoza/differ.go:683.30,685.6 0 0
github.com/sanity-io/mendoza/differ.go:685.11,689.6 3 0
github.com/sanity-io/mendoza/differ.go:690.10,693.53 2 0
github.com/sanity-io/mendoza/differ.go:693.53,694.45 1 0
github.com/sanity-io/mendoza/differ.go:694.45,695.34 1 0
github.com/sanity-io/mendoza/differ.go:695.34,702.8 5 0
github.com/sanity-io/mendoza/differ.go:704.7,704.12 1 0
github.com/sanity-io/mendoza/differ.go:708.5,708.18 1 0
github.com/sanity-io/mendoza/differ.go:708.18,711.6 2 0
github.com/sanity-io/mendoza/differ.go:715.3,716.68 2 0
github.com/sanity-io/mendoza/differ.go:723.36,725.31 2 0
github.com/sanity-io/mendoza/differ.go:725.31,728.15 3 0
github.com/sanity-io/mendoza/differ.go:728.15,729.9 1 0
github.com/sanity-io/mendoza/differ.go:731.3,731.12 1 0
github.com/sanity-io/mendoza/differ.go:733.2,733.10 1 0
github.com/sanity-io/mendoza/differ.go:736.48,738.45 2 0
github.com/sanity-io/mendoza/differ.go:738.45,742.15 3 0
github.com/sanity-io/mendoza/differ.go:742.15,743.9 1 0
github.com/sanity-io/mendoza/differ.go:746.3,746.12 1 0
github.com/sanity-io/mendoza/differ.go:748.2,748.10 1 0
github.com/sanity-io/mendoza/differ.go:751.81,752.32 1 0
github.com/sanity-io/mendoza/differ.go:752.32,756.10 3 0
github.com/sanity-io/mendoza/differ.go:756.10,757.12 1 0
github.com/sanity-io/mendoza/differ.go:760.3,760.32 1 0
github.com/sanity-io/mendoza/differ.go:760.32,761.49 1 0
github.com/sanity-io/mendoza/differ.go:764.3,772.17 6 0
github.com/sanity-io/mendoza/differ.go:772.17,775.4 2 0
github.com/sanity-io/mendoza/differ.go:777.3,780.19 3 0
github.com/sanity-io/mendoza/differ.go:780.19,783.4 2 0
github.com/sanity-io/mendoza/differ.go:785.3,785.17 1 0
github.com/sanity-io/mendoza/differ.go:785.17,788.4 2 0
github.com/sanity-io/mendoza/differ.go:790.3,791.72 2 0
github.com/sanity-io/mendoza/format.go:66.37,68.16 2 0
github.com/sanity-io/mendoza/format.go:68.16,70.3 1 0
github.com/sanity-io/mendoza/format.go:72.2,73.14 2 0
github.com/sanity-io/mendoza/format.go:74.17,75.18 1 0
github.com/sanity-io/mendoza/format.go:76.16,77.17 1 0
github.com/sanity-io/mendoza/format.go:78.17,79.18 1 0
github.com/sanity-io/mendoza/format.go:80.27,81.28 1 0
github.com/sanity-io/mendoza/format.go:82.28,83.29 1 0
github.com/sanity-io/mendoza/format.go:84.35,85.36 1 0
github.com/sanity-io/mendoza/format.go:86.21,87.22 1 0
github.com/sanity-io/mendoza/format.go:88.23,89.24 1 0
github.com/sanity-io/mendoza/format.go:90.22,91.23 1 0
github.com/sanity-io/mendoza/format.go:92.15,93.16 1 0
github.com/sanity-io/mendoza/format.go:94.25,95.26 1 0
github.com/sanity-io/mendoza/format.go:96.26,97.27 1 0
github.com/sanity-io/mendoza/format.go:98.27,99.28 1 0
github.com/sanity-io/mendoza/format.go:100.28,101.29 1 0
github.com/sanity-io/mendoza/format.go:102.31,103.32 1 0
github.com/sanity-io/mendoza/format.go:104.38,105.39 1 0
github.com/sanity-io/mendoza/format.go:106.30,107.31 1 0
github.com/sanity-io/mendoza/format.go:108.31,109.32 1 0
github.com/sanity-io/mendoza/format.go:110.27,111.28 1 0
github.com/sanity-io/mendoza/format.go:112.29,113.30 1 0
github.com/sanity-io/mendoza/format.go:114.28,115.29 1 0
github.com/sanity-io/mendoza/format.go:116.28,117.29 1 0
github.com/sanity-io/mendoza/format.go:118.30,119.31 1 0
github.com/sanity-io/mendoza/format.go:120.29,121.30 1 0
github.com/sanity-io/mendoza/format.go:122.10,123.53 1 0
github.com/sanity-io/mendoza/format.go:126.2,127.16 2 0
github.com/sanity-io/mendoza/format.go:127.16,129.3 1 0
github.com/sanity-io/mendoza/format.go:130.2,130.16 1 0
github.com/sanity-io/mendoza/format.go:134.37,137.19 2 0
github.com/sanity-io/mendoza/format.go:138.16,139.19 1 0
github.com/sanity-io/mendoza/format.go:140.15,141.18 1 0
github.com/sanity-io/mendoza/format.go:142.16,143.19 1 0
github.com/sanity-io/mendoza/format.go:144.26,145.29 1 0
github.com/sanity-io/mendoza/format.go:146.27,147.30 1 0
github.com/sanity-io/mendoza/format.go:148.34,149.37 1 0
github.com/sanity-io/mendoza/format.go:150.20,151.23 1 0
github.com/sanity-io/mendoza/format.go:152.22,153.25 1 0
github.com/sanity-io/mendoza/format.go:154.21,155.24 1 0
github.com/sanity-io/mendoza/format.go:156.14,157.17 1 0
github.com/sanity-io/mendoza/format.go:158.24,159.27 1 0
github.com/sanity-io/mendoza/format.go:160.25,161.28 1 0
github.com/sanity-io/mendoza/format.go:162.26,163.29 1 0
github.com/sanity-io/mendoza/format.go:164.27,165.30 1 0
github.com/sanity-io/mendoza/format.go:166.30,167.33 1 0
github.com/sanity-io/mendoza/format.go:168.37,169.40 1 0
github.com/sanity-io/mendoza/format.go:170.29,171.32 1 0
github.com/sanity-io/mendoza/format.go:172.30,173.33 1 0
github.com/sanity-io/mendoza/format.go:174.26,175.29 1 0
github.com/sanity-io/mendoza/format.go:176.28,177.31 1 0
github.com/sanity-io/mendoza/format.go:178.27,179.30 1 0
github.com/sanity-io/mendoza/format.go:180.27,181.30 1 0
github.com/sanity-io/mendoza/format.go:182.29,183.32 1 0
github.com/sanity-io/mendoza/format.go:184.28,185.31 1 0
github.com/sanity-io/mendoza/format.go:188.2,189.16 2 0
github.com/sanity-io/mendoza/format.go:189.16,191.3 1 0
github.com/sanity-io/mendoza/format.go:193.2,194.16 2 0
github.com/sanity-io/mendoza/format.go:194.16,196.3 1 0
github.com/sanity-io/mendoza/format.go:198.2,198.12 1 0
github.com/sanity-io/mendoza/format.go:202.44,203.27 1 0
github.com/sanity-io/mendoza/format.go:203.27,205.17 2 0
github.com/sanity-io/mendoza/format.go:205.17,207.4 1 0
github.com/sanity-io/mendoza/format.go:210.2,210.12 1 0
github.com/sanity-io/mendoza/format.go:213.46,216.6 2 0
github.com/sanity-io/mendoza/format.go:216.6,218.20 2 0
github.com/sanity-io/mendoza/format.go:218.20,219.9 1 0
github.com/sanity-io/mendoza/format.go:222.3,222.17 1 0
github.com/sanity-io/mendoza/format.go:222.17,224.4 1 0
github.com/sanity-io/mendoza/format.go:226.3,226.30 1 0
github.com/sanity-io/mendoza/format.go:229.2,229.12 1 0
github.com/sanity-io/mendoza/format.go:232.61,234.16 2 0
github.com/sanity-io/mendoza/format.go:234.16,236.3 1 0
github.com/sanity-io/mendoza/format.go:238.2,238.16 1 0
github.com/sanity-io/mendoza/format.go:238.16,240.3 1 0
github.com/sanity-io/mendoza/format.go:242.2,242.24 1 0
github.com/sanity-io/mendoza/format.go:245.58,247.16 2 0
github.com/sanity-io/mendoza/format.go:247.16,249.3 1 0
github.com/sanity-io/mendoza/format.go:253.2,253.27 1 0
github.com/sanity-io/mendoza/format.go:254.15,256.19 2 0
github.com/sanity-io/mendoza/format.go:256.19,258.4 1 0
github.com/sanity-io/mendoza/format.go:259.3,259.17 1 0
github.com/sanity-io/mendoza/format.go:259.17,261.4 1 0
github.com/sanity-io/mendoza/format.go:262.3,262.26 1 0
github.com/sanity-io/mendoza/format.go:263.11,264.14 1 0
github.com/sanity-io/mendoza/format.go:264.14,266.4 1 0
github.com/sanity-io/mendoza/format.go:267.3,267.18 1 0
github.com/sanity-io/mendoza/format.go:268.10,269.50 1 0
github.com/sanity-io/mendoza/format.go:273.63,275.16 2 0
github.com/sanity-io/mendoza/format.go:275.16,277.3 1 0
github.com/sanity-io/mendoza/format.go:279.2,280.9 2 0
github.com/sanity-io/mendoza/format.go:280.9,282.3 1 0
github.com/sanity-io/mendoza/format.go:284.2,284.17 1 0
github.com/sanity-io/mendoza/format.go:289.53,292.2 2 0
github.com/sanity-io/mendoza/format.go:294.54,297.2 2 0
github.com/sanity-io/mendoza/format.go:299.52,301.2 1 0
github.com/sanity-io/mendoza/format.go:303.53,305.2 1 0
github.com/sanity-io/mendoza/format.go:307.53,309.2 1 0
github.com/sanity-io/mendoza/format.go:311.54,313.2 1 0
github.com/sanity-io/mendoza/format.go:315.64,318.2 2 0
github.com/sanity-io/mendoza/format.go:320.65,323.2 2 0
github.com/sanity-io/mendoza/format.go:325.71,327.2 1 0
github.com/sanity-io/mendoza/format.go:329.72,331.2 1 0
github.com/sanity-io/mendoza/format.go:333.63,335.2 1 0
github.com/sanity-io/mendoza/format.go:337.64,339.2 1 0
github.com/sanity-io/mendoza/format.go:341.57,344.2 2 0
github.com/sanity-io/mendoza/format.go:346.58,349.2 2 0
github.com/sanity-io/mendoza/format.go:351.59,354.2 2 0
github.com/sanity-io/mendoza/format.go:356.60,359.2 2 0
github.com/sanity-io/mendoza/format.go:361.58,364.2 2 0
github.com/sanity-io/mendoza/format.go:366.59,369.2 2 0
github.com/sanity-io/mendoza/format.go:371.51,373.2 1 0
github.com/sanity-io/mendoza/format.go:375.52,377.2 1 0
github.com/sanity-io/mendoza/format.go:381.61,384.2 2 0
github.com/sanity-io/mendoza/format.go:386.62,389.2 2 0
github.com/sanity-io/mendoza/format.go:391.62,394.2 2 0
github.com/sanity-io/mendoza/format.go:396.63,399.2 2 0
github.com/sanity-io/mendoza/format.go:401.63,404.2 2 0
github.com/sanity-io/mendoza/format.go:406.64,409.2 2 0
github.com/sanity-io/mendoza/format.go:411.64,414.2 2 0
github.com/sanity-io/mendoza/format.go:416.65,419.2 2 0
github.com/sanity-io/mendoza/format.go:421.67,424.2 2 0
github.com/sanity-io/mendoza/format.go:426.68,429.2 2 0
github.com/sanity-io/mendoza/format.go:431.74,433.2 1 0
github.com/sanity-io/mendoza/format.go:435.75,437.2 1 0
github.com/sanity-io/mendoza/format.go:439.66,442.2 2 0
github.com/sanity-io/mendoza/format.go:444.67,447.2 2 0
github.com/sanity-io/mendoza/format.go:449.67,451.16 2 0
github.com/sanity-io/mendoza/format.go:451.16,453.3 1 0
github.com/sanity-io/mendoza/format.go:454.2,455.8 2 0
github.com/sanity-io/mendoza/format.go:458.68,460.16 2 0
github.com/sanity-io/mendoza/format.go:460.16,462.3 1 0
github.com/sanity-io/mendoza/format.go:463.2,464.8 2 0
github.com/sanity-io/mendoza/format.go:467.63,469.16 2 0
github.com/sanity-io/mendoza/format.go:469.16,471.3 1 0
github.com/sanity-io/mendoza/format.go:472.2,472.8 1 0
github.com/sanity-io/mendoza/format.go:475.64,477.16 2 0
github.com/sanity-io/mendoza/format.go:477.16,479.3 1 0
github.com/sanity-io/mendoza/format.go:480.2,480.8 1 0
github.com/sanity-io/mendoza/format.go:483.65,486.2 2 0
github.com/sanity-io/mendoza/format.go:488.66,491.2 2 0
github.com/sanity-io/mendoza/format.go:493.64,496.2 2 0
github.com/sanity-io/mendoza/format.go:498.65,501.2 2 0
github.com/sanity-io/mendoza/format.go:503.64,505.16 2 0
github.com/sanity-io/mendoza/format.go:505.16,507.3 1 0
github.com/sanity-io/mendoza/format.go:508.2,509.8 2 0
github.com/sanity-io/mendoza/format.go:512.65,514.16 2 0
github.com/sanity-io/mendoza/format.go:514.16,516.3 1 0
github.com/sanity-io/mendoza/format.go:517.2,518.8 2 0
github.com/sanity-io/mendoza/format.go:521.66,524.2 2 0
github.com/sanity-io/mendoza/format.go:526.67,529.2 2 0
github.com/sanity-io/mendoza/format.go:531.65,533.16 2 0
github.com/sanity-io/mendoza/format.go:533.16,535.3 1 0
github.com/sanity-io/mendoza/format.go:536.2,537.8 2 0
github.com/sanity-io/mendoza/format.go:540.66,542.16 2 0
github.com/sanity-io/mendoza/format.go:542.16,544.3 1 0
github.com/sanity-io/mendoza/format.go:545.2,546.8 2 0
github.com/sanity-io/mendoza/json.go:15.48,17.2 1 0
github.com/sanity-io/mendoza/json.go:19.45,21.2 1 0
github.com/sanity-io/mendoza/json.go:23.50,25.2 1 0
github.com/sanity-io/mendoza/json.go:27.54,30.16 3 0
github.com/sanity-io/mendoza/json.go:30.16,32.3 1 0
github.com/sanity-io/mendoza/json.go:33.2,34.12 2 0
github.com/sanity-io/mendoza/json.go:37.29,38.24 1 0
github.com/sanity-io/mendoza/json.go:38.24,40.3 1 0
github.com/sanity-io/mendoza/json.go:40.8,42.3 1 0
github.com/sanity-io/mendoza/json.go:45.40,46.24 1 0
github.com/sanity-io/mendoza/json.go:46.24,48.3 1 0
github.com/sanity-io/mendoza/json.go:50.2,51.17 2 0
github.com/sanity-io/mendoza/json.go:58.37,59.19 1 0
github.com/sanity-io/mendoza/json.go:59.19,61.17 2 0
github.com/sanity-io/mendoza/json.go:61.17,63.4 1 0
github.com/sanity-io/mendoza/json.go:64.3,64.27 1 0
github.com/sanity-io/mendoza/json.go:64.27,66.4 1 0
github.com/sanity-io/mendoza/json.go:68.3,68.16 1 0
github.com/sanity-io/mendoza/json.go:71.2,71.12 1 0
github.com/sanity-io/mendoza/json.go:74.49,76.2 1 0
github.com/sanity-io/mendoza/json.go:78.46,80.2 1 0
github.com/sanity-io/mendoza/json.go:82.51,84.2 1 0
github.com/sanity-io/mendoza/json.go:86.55,88.16 2 0
github.com/sanity-io/mendoza/json.go:88.16,90.3 1 0
github.com/sanity-io/mendoza/json.go:91.2,93.16 3 0
github.com/sanity-io/mendoza/json.go:93.16,95.3 1 0
github.com/sanity-io/mendoza/json.go:96.2,96.17 1 0
github.com/sanity-io/mendoza/json.go:99.42,101.16 2 0
github.com/sanity-io/mendoza/json.go:101.16,103.3 1 0
github.com/sanity-io/mendoza/json.go:105.2,105.26 1 0
github.com/sanity-io/mendoza/json.go:105.26,107.3 1 0
github.com/sanity-io/mendoza/json.go:109.2,109.12 1 0
github.com/sanity-io/mendoza/json.go:117.54,119.2 1 0
github.com/sanity-io/mendoza/json.go:121.51,123.2 1 0
github.com/sanity-io/mendoza/json.go:125.56,127.2 1 0
github.com/sanity-io/mendoza/json.go:129.60,130.26 1 0
github.com/sanity-io/mendoza/json.go:130.26,132.3 1 0
github.com/sanity-io/mendoza/json.go:133.2,135.25 3 0
github.com/sanity-io/mendoza/json.go:138.50,141.16 3 0
github.com/sanity-io/mendoza/json.go:141.16,143.3 1 0
github.com/sanity-io/mendoza/json.go:144.2,144.26 1 0
github.com/sanity-io/mendoza/json.go:147.54,153.16 3 0
github.com/sanity-io/mendoza/json.go:153.16,155.3 1 0
github.com/sanity-io/mendoza/json.go:157.2,157.27 1 0
github.com/sanity-io/mendoza/json.go:161.58,164.2 2 0
github.com/sanity-io/mendoza/options.go:14.97,17.2 2 0
github.com/sanity-io/mendoza/patcher.go:36.74,38.2 1 0
github.com/sanity-io/mendoza/patcher.go:44.60,46.2 1 0
github.com/sanity-io/mendoza/patcher.go:50.93,51.21 1 0
github.com/sanity-io/mendoza/patcher.go:51.21,53.3 1 0
github.com/sanity-io/mendoza/patcher.go:55.2,55.32 1 0
github.com/sanity-io/mendoza/patcher.go:55.32,57.3 1 0
github.com/sanity-io/mendoza/patcher.go:59.2,65.27 2 0
github.com/sanity-io/mendoza/patcher.go:65.27,66.40 1 0
github.com/sanity-io/mendoza/patcher.go:66.40,68.4 1 0
github.com/sanity-io/mendoza/patcher.go:71.2,71.24 1 0
github.com/sanity-io/mendoza/patcher.go:76.79,78.16 2 0
github.com/sanity-io/mendoza/patcher.go:78.16,79.13 1 0
github.com/sanity-io/mendoza/patcher.go:81.2,81.15 1 0
github.com/sanity-io/mendoza/patcher.go:84.36,86.2 1 0
github.com/sanity-io/mendoza/patcher.go:88.37,90.2 1 0
github.com/sanity-io/mendoza/patcher.go:92.50,93.34 1 0
github.com/sanity-io/mendoza/patcher.go:93.35,95.3 0 0
github.com/sanity-io/mendoza/patcher.go:97.2,97.55 1 0
github.com/sanity-io/mendoza/patcher.go:100.52,102.2 1 0
github.com/sanity-io/mendoza/patcher.go:104.48,105.33 1 0
github.com/sanity-io/mendoza/patcher.go:105.33,107.3 1 0
github.com/sanity-io/mendoza/patcher.go:109.2,109.32 1 0
github.com/sanity-io/mendoza/patcher.go:109.32,111.3 1 0
github.com/sanity-io/mendoza/patcher.go:113.2,113.35 1 0
github.com/sanity-io/mendoza/patcher.go:113.35,115.3 1 0
github.com/sanity-io/mendoza/patcher.go:117.2,117.21 1 0
github.com/sanity-io/mendoza/patcher.go:120.64,121.25 1 0
github.com/sanity-io/mendoza/patcher.go:121.25,123.10 2 0
github.com/sanity-io/mendoza/patcher.go:123.10,125.4 1 0
github.com/sanity-io/mendoza/patcher.go:126.3,128.24 3 0
github.com/sanity-io/mendoza/patcher.go:128.24,130.4 1 0
github.com/sanity-io/mendoza/patcher.go:131.3,132.28 2 0
github.com/sanity-io/mendoza/patcher.go:132.28,138.4 2 0
github.com/sanity-io/mendoza/patcher.go:139.3,139.24 1 0
github.com/sanity-io/mendoza/patcher.go:142.2,142.41 1 0
github.com/sanity-io/mendoza/patcher.go:142.41,144.3 1 0
github.com/sanity-io/mendoza/patcher.go:146.2,146.31 1 0
github.com/sanity-io/mendoza/patcher.go:149.71,151.9 2 0
github.com/sanity-io/mendoza/patcher.go:151.9,153.3 1 0
github.com/sanity-io/mendoza/patcher.go:154.2,154.17 1 0
github.com/sanity-io/mendoza/patcher.go:157.61,159.9 2 0
github.com/sanity-io/mendoza/patcher.go:159.9,161.3 1 0
github.com/sanity-io/mendoza/patcher.go:162.2,162.17 1 0
github.com/sanity-io/mendoza/patcher.go:165.55,167.9 2 0
github.com/sanity-io/mendoza/patcher.go:167.9,169.3 1 0
github.com/sanity-io/mendoza/patcher.go:170.2,170.17 1 0
github.com/sanity-io/mendoza/patcher.go:173.46,176.2 2 0
github.com/sanity-io/mendoza/patcher.go:178.72,181.33 2 0
github.com/sanity-io/mendoza/patcher.go:181.33,182.26 1 0
github.com/sanity-io/mendoza/patcher.go:182.26,184.4 1 0
github.com/sanity-io/mendoza/patcher.go:184.9,186.11 2 0
github.com/sanity-io/mendoza/patcher.go:186.11,188.5 1 0
github.com/sanity-io/mendoza/patcher.go:189.4,191.26 2 0
github.com/sanity-io/mendoza/patcher.go:191.26,193.5 1 0
github.com/sanity-io/mendoza/patcher.go:194.4,194.30 1 0
github.com/sanity-io/mendoza/patcher.go:198.2,198.34 1 0
github.com/sanity-io/mendoza/patcher.go:201.63,204.25 2 0
github.com/sanity-io/mendoza/patcher.go:204.25,206.10 2 0
github.com/sanity-io/mendoza/patcher.go:206.10,208.4 1 0
github.com/sanity-io/mendoza/patcher.go:209.3,211.21 3 0
github.com/sanity-io/mendoza/patcher.go:214.2,214.34 1 0
github.com/sanity-io/mendoza/patcher.go:217.57,220.25 2 0
github.com/sanity-io/mendoza/patcher.go:220.25,222.10 2 0
github.com/sanity-io/mendoza/patcher.go:222.10,224.4 1 0
github.com/sanity-io/mendoza/patcher.go:225.3,226.21 2 0
github.com/sanity-io/mendoza/patcher.go:229.2,229.35 1 0
github.com/sanity-io/mendoza/patcher.go:232.45,237.2 2 0
github.com/sanity-io/mendoza/patcher.go:239.44,245.2 3 0
github.com/sanity-io/mendoza/patcher.go:247.45,252.2 2 0
github.com/sanity-io/mendoza/patcher.go:254.56,258.16 4 0
github.com/sanity-io/mendoza/patcher.go:258.16,260.3 1 0
github.com/sanity-io/mendoza/patcher.go:261.2,262.12 2 0
github.com/sanity-io/mendoza/patcher.go:265.63,270.16 5 0
github.com/sanity-io/mendoza/patcher.go:270.16,272.3 1 0
github.com/sanity-io/mendoza/patcher.go:273.2,274.12 2 0
github.com/sanity-io/mendoza/patcher.go:277.55,281.16 4 0
github.com/sanity-io/mendoza/patcher.go:281.16,283.3 1 0
github.com/sanity-io/mendoza/patcher.go:284.2,285.12 2 0
github.com/sanity-io/mendoza/patcher.go:288.49,290.16 2 0
github.com/sanity-io/mendoza/patcher.go:290.16,292.3 1 0
github.com/sanity-io/mendoza/patcher.go:293.2,294.34 2 0
github.com/sanity-io/mendoza/patcher.go:294.34,296.3 1 0
github.com/sanity-io/mendoza/patcher.go:297.2,301.12 2 0
github.com/sanity-io/mendoza/patcher.go:304.51,306.16 2 0
github.com/sanity-io/mendoza/patcher.go:306.16,308.3 1 0
github.com/sanity-io/mendoza/patcher.go:309.2,309.42 1 0
github.com/sanity-io/mendoza/patcher.go:309.42,311.3 1 0
github.com/sanity-io/mendoza/patcher.go:312.2,313.34 2 0
github.com/sanity-io/mendoza/patcher.go:313.34,315.3 1 0
github.com/sanity-io/mendoza/patcher.go:316.2,319.12 2 0
github.com/sanity-io/mendoza/patcher.go:322.50,324.41 2 0
github.com/sanity-io/mendoza/patcher.go:324.41,326.3 1 0
github.com/sanity-io/mendoza/patcher.go:327.2,329.12 3 0
github.com/sanity-io/mendoza/patcher.go:332.43,335.2 2 0
github.com/sanity-io/mendoza/patcher.go:337.53,338.50 1 0
github.com/sanity-io/mendoza/patcher.go:338.50,340.3 1 0
github.com/sanity-io/mendoza/patcher.go:341.2,341.29 1 0
github.com/sanity-io/mendoza/patcher.go:344.54,345.50 1 0
github.com/sanity-io/mendoza/patcher.go:345.50,347.3 1 0
github.com/sanity-io/mendoza/patcher.go:348.2,348.30 1 0
github.com/sanity-io/mendoza/patcher.go:351.55,352.52 1 0
github.com/sanity-io/mendoza/patcher.go:352.52,354.3 1 0
github.com/sanity-io/mendoza/patcher.go:355.2,355.29 1 0
github.com/sanity-io/mendoza/patcher.go:358.56,359.52 1 0
github.com/sanity-io/mendoza/patcher.go:359.52,361.3 1 0
github.com/sanity-io/mendoza/patcher.go:362.2,362.30 1 0
github.com/sanity-io/mendoza/patcher.go:365.59,366.57 1 0
github.com/sanity-io/mendoza/patcher.go:366.57,368.3 1 0
github.com/sanity-io/mendoza/patcher.go:369.2,369.28 1 0
github.com/sanity-io/mendoza/patcher.go:372.66,373.64 1 0
github.com/sanity-io/mendoza/patcher.go:373.64,375.3 1 0
github.com/sanity-io/mendoza/patcher.go:376.2,376.28 1 0
github.com/sanity-io/mendoza/patcher.go:379.58,380.56 1 0
github.com/sanity-io/mendoza/patcher.go:380.56,382.3 1 0
github.com/sanity-io/mendoza/patcher.go:383.2,383.28 1 0
github.com/sanity-io/mendoza/patcher.go:386.59,387.46 1 0
github.com/sanity-io/mendoza/patcher.go:387.46,389.3 1 0
github.com/sanity-io/mendoza/patcher.go:390.2,390.41 1 0
github.com/sanity-io/mendoza/patcher.go:393.55,394.50 1 0
github.com/sanity-io/mendoza/patcher.go:394.50,396.3 1 0
github.com/sanity-io/mendoza/patcher.go:397.2,397.45 1 0
github.com/sanity-io/mendoza/patcher.go:397.45,399.3 1 0
github.com/sanity-io/mendoza/patcher.go:400.2,400.64 1 0
github.com/sanity-io/mendoza/patcher.go:400.64,402.3 1 0
github.com/sanity-io/mendoza/patcher.go:403.2,403.28 1 0
github.com/sanity-io/mendoza/patcher.go:406.57,408.16 2 0
github.com/sanity-io/mendoza/patcher.go:408.16,410.3 1 0
github.com/sanity-io/mendoza/patcher.go:411.2,412.16 2 0
github.com/sanity-io/mendoza/patcher.go:412.16,414.3 1 0
github.com/sanity-io/mendoza/patcher.go:415.2,416.12 2 0
github.com/sanity-io/mendoza/patcher.go:419.56,421.16 2 0
github.com/sanity-io/mendoza/patcher.go:421.16,423.3 1 0
github.com/sanity-io/mendoza/patcher.go:424.2,425.12 2 0
github.com/sanity-io/mendoza/patcher.go:428.56,430.16 2 0
github.com/sanity-io/mendoza/patcher.go:430.16,432.3 1 0
github.com/sanity-io/mendoza/patcher.go:433.2,433.62 1 0
github.com/sanity-io/mendoza/patcher.go:433.62,435.3 1 0
github.com/sanity-io/mendoza/patcher.go:436.2,437.16 2 0
github.com/sanity-io/mendoza/patcher.go:437.16,439.3 1 0
github.com/sanity-io/mendoza/patcher.go:440.2,441.12 2 0
github.com/sanity-io/mendoza/patcher.go:444.58,446.16 2 0
github.com/sanity-io/mendoza/patcher.go:446.16,448.3 1 0
github.com/sanity-io/mendoza/patcher.go:449.2,450.12 2 0
github.com/sanity-io/mendoza/patcher.go:453.57,455.16 2 0
github.com/sanity-io/mendoza/patcher.go:455.16,457.3 1 0
github.com/sanity-io/mendoza/patcher.go:458.2,458.62 1 0
github.com/sanity-io/mendoza/patcher.go:458.62,460.3 1 0
github.com/sanity-io/mendoza/patcher.go:461.2,462.16 2 0
github.com/sanity-io/mendoza/patcher.go:462.16,464.3 1 0
github.com/sanity-io/mendoza/patcher.go:465.2,466.12 2 0
github.com/sanity-io/mendoza/cmd/dozadiff/main.go:11.53,13.16 2 0
github.com/sanity-io/mendoza/cmd/dozadiff/main.go:13.16,15.3 1 0
github.com/sanity-io/mendoza/cmd/dozadiff/main.go:16.2,19.16 4 0
github.com/sanity-io/mendoza/cmd/dozadiff/main.go:19.16,21.3 1 0
github.com/sanity-io/mendoza/cmd/dozadiff/main.go:22.2,22.17 1 0
github.com/sanity-io/mendoza/cmd/dozadiff/main.go:25.44,27.16 2 0
github.com/sanity-io/mendoza/cmd/dozadiff/main.go:27.16,29.3 1 0
github.com/sanity-io/mendoza/cmd/dozadiff/main.go:30.2,31.16 2 0
github.com/sanity-io/mendoza/cmd/dozadiff/main.go:31.16,33.3 1 0
github.com/sanity-io/mendoza/cmd/dozadiff/main.go:35.2,36.16 2 0
github.com/sanity-io/mendoza/cmd/dozadiff/main.go:36.16,38.3 1 0
github.com/sanity-io/mendoza/cmd/dozadiff/main.go:40.2,42.16 3 0
github.com/sanity-io/mendoza/cmd/dozadiff/main.go:42.16,44.3 1 0
github.com/sanity-io/mendoza/cmd/dozadiff/main.go:46.2,46.12 1 0
github.com/sanity-io/mendoza/cmd/dozadiff/main.go:49.13,50.23 1 0
github.com/sanity-io/mendoza/cmd/dozadiff/main.go:50.23,53.3 2 0
github.com/sanity-io/mendoza/cmd/dozadiff/main.go:55.2,56.16 2 0
github.com/sanity-io/mendoza/cmd/dozadiff/main.go:56.16,59.3 2 0
github.com/sanity-io/mendoza/cmd/dozapatch/main.go:11.56,13.16 2 0
github.com/sanity-io/mendoza/cmd/dozapatch/main.go:13.16,15.3 1 0
github.com/sanity-io/mendoza/cmd/dozapatch/main.go:16.2,17.29 2 0
github.com/sanity-io/mendoza/cmd/dozapatch/main.go:20.48,22.58 2 0
github.com/sanity-io/mendoza/cmd/dozapatch/main.go:22.58,24.3 1 0
github.com/sanity-io/mendoza/cmd/dozapatch/main.go:26.2,27.52 2 0
github.com/sanity-io/mendoza/cmd/dozapatch/main.go:27.52,29.3 1 0
github.com/sanity-io/mendoza/cmd/dozapatch/main.go:31.2,34.47 3 0
github.com/sanity-io/mendoza/cmd/dozapatch/main.go:34.47,36.3 1 0
github.com/sanity-io/mendoza/cmd/dozapatch/main.go:38.2,38.12 1 0
github.com/sanity-io/mendoza/cmd/dozapatch/main.go:41.13,42.23 1 0
github.com/sanity-io/mendoza/cmd/dozapatch/main.go:42.23,45.3 2 0
github.com/sanity-io/mendoza/cmd/dozapatch/main.go:47.2,48.16 2 0
github.com/sanity-io/mendoza/cmd/dozapatch/main.go:48.16,51.3 2 0
github.com/sanity-io/mendoza/internal/fuzz/fuzz.go:12.41,16.16 3 0
github.com/sanity-io/mendoza/internal/fuzz/fuzz.go:16.16,17.13 1 0
github.com/sanity-io/mendoza/internal/fuzz/fuzz.go:19.2,20.16 2 0
github.com/sanity-io/mendoza/internal/fuzz/fuzz.go:20.16,21.13 1 0
github.com/sanity-io/mendoza/internal/fuzz/fuzz.go:24.2,24.40 1 0
github.com/sanity-io/mendoza/internal/fuzz/fuzz.go:24.40,25.47 1 0
github.com/sanity-io/mendoza/internal/fuzz/fuzz.go:29.44,31.16 2 0
github.com/sanity-io/mendoza/internal/fuzz/fuzz.go:31.16,32.13 1 0
github.com/sanity-io/mendoza/internal/fuzz/fuzz.go:35.2,36.16 2 0
github.com/sanity-io/mendoza/internal/fuzz/fuzz.go:36.16,37.13 1 0
github.com/sanity-io/mendoza/internal/fuzz/fuzz.go:40.2,40.40 1 0
github.com/sanity-io/mendoza/internal/fuzz/fuzz.go:40.40,41.50 1 0
github.com/sanity-io/mendoza/internal/fuzz/fuzz.go:45.28,46.23 1 0
github.com/sanity-io/mendoza/internal/fuzz/fuzz.go:46.23,48.3 1 0
github.com/sanity-io/mendoza/internal/fuzz/fuzz.go:50.2,54.16 4 0
github.com/sanity-io/mendoza/internal/fuzz/fuzz.go:54.16,56.3 1 0
github.com/sanity-io/mendoza/internal/fuzz/fuzz.go:58.2,59.16 2 0
github.com/sanity-io/mendoza/internal/fuzz/fuzz.go:59.16,61.3 1 0
github.com/sanity-io/mendoza/internal/fuzz/fuzz.go:63.2,64.16 2 0
github.com/sanity-io/mendoza/internal/fuzz/fuzz.go:64.16,65.13 1 0
github.com/sanity-io/mendoza/internal/fuzz/fuzz.go:68.2,69.49 2 0
github.com/sanity-io/mendoza/internal/fuzz/fuzz.go:69.49,70.33 1 0
github.com/sanity-io/mendoza/internal/fuzz/fuzz.go:73.2,74.47 2 0
github.com/sanity-io/mendoza/internal/fuzz/fuzz.go:74.47,75.35 1 0
github.com/sanity-io/mendoza/internal/fuzz/fuzz.go:78.2,83.10 5 0
github.com/sanity-io/mendoza/internal/mendoza/hash_index.go:8.50,14.43 2 1
github.com/sanity-io/mendoza/internal/mendoza/hash_index.go:14.43,17.30 2 1
github.com/sanity-io/mendoza/internal/mendoza/hash_index.go:17.30,18.58 1 1
github.com/sanity-io/mendoza/internal/mendoza/hash_index.go:18.58,25.61 5 1
github.com/sanity-io/mendoza/internal/mendoza/hash_index.go:25.61,27.14 1 1
github.com/sanity-io/mendoza/internal/mendoza/hash_index.go:30.5,30.54 1 1
github.com/sanity-io/mendoza/internal/mendoza/hash_index.go:35.2,35.18 1 1
github.com/sanity-io/mendoza/internal/mendoza/hash_list.go:15.103,18.16 3 1
github.com/sanity-io/mendoza/internal/mendoza/hash_list.go:18.16,20.3 1 1
github.com/sanity-io/mendoza/internal/mendoza/hash_list.go:21.2,21.22 1 1
github.com/sanity-io/mendoza/internal/mendoza/hash_list.go:29.55,31.2 1 1
github.com/sanity-io/mendoza/internal/mendoza/hash_list.go:33.45,35.2 1 1
github.com/sanity-io/mendoza/internal/mendoza/hash_list.go:47.46,50.2 2 1
github.com/sanity-io/mendoza/internal/mendoza/hash_list.go:52.48,55.2 2 1
github.com/sanity-io/mendoza/internal/mendoza/hash_list.go:57.62,60.2 2 1
github.com/sanity-io/mendoza/internal/mendoza/hash_list.go:62.114,67.33 3 1
github.com/sanity-io/mendoza/internal/mendoza/hash_list.go:67.33,69.3 1 1
github.com/sanity-io/mendoza/internal/mendoza/hash_list.go:71.2,78.27 2 1
github.com/sanity-io/mendoza/internal/mendoza/hash_list.go:79.11,81.11 2 1
github.com/sanity-io/mendoza/internal/mendoza/hash_list.go:82.12,83.10 1 1
github.com/sanity-io/mendoza/internal/mendoza/hash_list.go:83.10,85.4 1 1
github.com/sanity-io/mendoza/internal/mendoza/hash_list.go:85.9,87.4 1 1
github.com/sanity-io/mendoza/internal/mendoza/hash_list.go:88.3,88.11 1 1
github.com/sanity-io/mendoza/internal/mendoza/hash_list.go:89.15,91.11 2 1
github.com/sanity-io/mendoza/internal/mendoza/hash_list.go:92.14,94.22 2 1
github.com/sanity-io/mendoza/internal/mendoza/hash_list.go:95.30,101.30 4 1
github.com/sanity-io/mendoza/internal/mendoza/hash_list.go:101.30,105.18 4 1
github.com/sanity-io/mendoza/internal/mendoza/hash_list.go:105.18,107.5 1 1
github.com/sanity-io/mendoza/internal/mendoza/hash_list.go:109.4,111.21 2 1
github.com/sanity-io/mendoza/internal/mendoza/hash_list.go:111.21,114.5 2 1
github.com/sanity-io/mendoza/internal/mendoza/hash_list.go:116.4,119.26 3 1
github.com/sanity-io/mendoza/internal/mendoza/hash_list.go:122.3,122.24 1 1
github.com/sanity-io/mendoza/internal/mendoza/hash_list.go:123.21,128.31 3 1
github.com/sanity-io/mendoza/internal/mendoza/hash_list.go:128.31,132.18 3 1
github.com/sanity-io/mendoza/internal/mendoza/hash_list.go:132.18,134.5 1 1
github.com/sanity-io/mendoza/internal/mendoza/hash_list.go:136.4,138.21 2 1
github.com/sanity-io/mendoza/internal/mendoza/hash_list.go:138.21,141.5 2 1
github.com/sanity-io/mendoza/internal/mendoza/hash_list.go:143.4,145.34 2 1
github.com/sanity-io/mendoza/internal/mendoza/hash_list.go:148.3,148.24 1 1
github.com/sanity-io/mendoza/internal/mendoza/hash_list.go:149.10,150.63 1 1
github.com/sanity-io/mendoza/internal/mendoza/hash_list.go:153.2,158.26 5 1
github.com/sanity-io/mendoza/internal/mendoza/hash_list.go:161.47,166.2 1 1
github.com/sanity-io/mendoza/internal/mendoza/hash_list.go:173.32,175.2 1 1
github.com/sanity-io/mendoza/internal/mendoza/hash_list.go:177.38,179.2 1 1
github.com/sanity-io/mendoza/internal/mendoza/hash_list.go:181.33,183.2 1 1
github.com/sanity-io/mendoza/internal/mendoza/hash_list.go:185.31,187.2 1 1
github.com/sanity-io/mendoza/internal/mendoza/hash_list.go:189.24,191.2 1 1
github.com/sanity-io/mendoza/internal/mendoza/hash_list.go:193.52,195.21 2 1
github.com/sanity-io/mendoza/internal/mendoza/hash_list.go:195.21,197.3 1 1
github.com/sanity-io/mendoza/internal/mendoza/hash_list.go:198.2,199.13 2 1
github.com/sanity-io/mendoza/internal/mendoza/hasher.go:16.32,17.26 1 1
github.com/sanity-io/mendoza/internal/mendoza/hasher.go:17.26,19.3 1 1
github.com/sanity-io/mendoza/internal/mendoza/hasher.go:22.29,23.22 1 1
github.com/sanity-io/mendoza/internal/mendoza/hasher.go:23.22,24.13 1 1
github.com/sanity-io/mendoza/internal/mendoza/hasher.go:24.13,26.4 1 1
github.com/sanity-io/mendoza/internal/mendoza/hasher.go:28.2,28.13 1 1
github.com/sanity-io/mendoza/internal/mendoza/hasher.go:51.31,57.2 3 1
github.com/sanity-io/mendoza/internal/mendoza/hasher.go:59.27,62.2 2 1
github.com/sanity-io/mendoza/internal/mendoza/hasher.go:72.32,76.2 3 1
github.com/sanity-io/mendoza/internal/mendoza/hasher.go:78.34,85.2 6 1
github.com/sanity-io/mendoza/internal/mendoza/hasher.go:87.29,89.2 1 1
github.com/sanity-io/mendoza/internal/mendoza/hasher.go:91.53,95.2 3 1
github.com/sanity-io/mendoza/internal/mendoza/hasher.go:97.43,99.2 1 1
github.com/sanity-io/mendoza/internal/sha256/sha256.go:60.50,62.13 2 0
github.com/sanity-io/mendoza/internal/sha256/sha256.go:62.13,64.3 1 0
github.com/sanity-io/mendoza/internal/sha256/sha256.go:64.8,66.3 1 0
github.com/sanity-io/mendoza/internal/sha256/sha256.go:67.2,78.15 12 0
github.com/sanity-io/mendoza/internal/sha256/sha256.go:81.50,82.137 1 0
github.com/sanity-io/mendoza/internal/sha256/sha256.go:82.137,84.3 1 0
github.com/sanity-io/mendoza/internal/sha256/sha256.go:85.2,85.29 1 0
github.com/sanity-io/mendoza/internal/sha256/sha256.go:85.29,87.3 1 0
github.com/sanity-io/mendoza/internal/sha256/sha256.go:88.2,100.12 13 0
github.com/sanity-io/mendoza/internal/sha256/sha256.go:103.46,107.2 3 0
github.com/sanity-io/mendoza/internal/sha256/sha256.go:109.46,113.2 3 0
github.com/sanity-io/mendoza/internal/sha256/sha256.go:115.47,120.2 3 0
github.com/sanity-io/mendoza/internal/sha256/sha256.go:122.47,126.2 3 0
github.com/sanity-io/mendoza/internal/sha256/sha256.go:128.26,129.14 1 1
github.com/sanity-io/mendoza/internal/sha256/sha256.go:129.14,138.3 8 1
github.com/sanity-io/mendoza/internal/sha256/sha256.go:138.8,147.3 8 0
github.com/sanity-io/mendoza/internal/sha256/sha256.go:148.2,149.11 2 1
github.com/sanity-io/mendoza/internal/sha256/sha256.go:156.20,160.2 3 1
github.com/sanity-io/mendoza/internal/sha256/sha256.go:163.25,168.2 4 0
github.com/sanity-io/mendoza/internal/sha256/sha256.go:170.29,171.14 1 0
github.com/sanity-io/mendoza/internal/sha256/sha256.go:171.14,173.3 1 0
github.com/sanity-io/mendoza/internal/sha256/sha256.go:174.2,174.16 1 0
github.com/sanity-io/mendoza/internal/sha256/sha256.go:177.34,177.54 1 0
github.com/sanity-io/mendoza/internal/sha256/sha256.go:179.54,182.14 3 1
github.com/sanity-io/mendoza/internal/sha256/sha256.go:182.14,185.20 3 1
github.com/sanity-io/mendoza/internal/sha256/sha256.go:185.20,188.4 2 1
github.com/sanity-io/mendoza/internal/sha256/sha256.go:189.3,189.12 1 1
github.com/sanity-io/mendoza/internal/sha256/sha256.go:191.2,191.21 1 1
github.com/sanity-io/mendoza/internal/sha256/sha256.go:191.21,195.3 3 0
github.com/sanity-io/mendoza/internal/sha256/sha256.go:196.2,196.16 1 1
github.com/sanity-io/mendoza/internal/sha256/sha256.go:196.16,198.3 1 1
github.com/sanity-io/mendoza/internal/sha256/sha256.go:199.2,199.8 1 1
github.com/sanity-io/mendoza/internal/sha256/sha256.go:202.40,207.2 3 0
github.com/sanity-io/mendoza/internal/sha256/sha256.go:209.40,214.17 4 1
github.com/sanity-io/mendoza/internal/sha256/sha256.go:214.17,216.3 1 1
github.com/sanity-io/mendoza/internal/sha256/sha256.go:216.8,218.3 1 0
github.com/sanity-io/mendoza/internal/sha256/sha256.go:221.2,225.15 4 1
github.com/sanity-io/mendoza/internal/sha256/sha256.go:225.15,226.21 1 0
github.com/sanity-io/mendoza/internal/sha256/sha256.go:229.2,236.15 6 1
github.com/sanity-io/mendoza/internal/sha256/sha256block.go:80.42,83.22 3 1
github.com/sanity-io/mendoza/internal/sha256/sha256block.go:83.22,86.27 1 1
github.com/sanity-io/mendoza/internal/sha256/sha256block.go:86.27,89.4 2 1
github.com/sanity-io/mendoza/internal/sha256/sha256block.go:90.3,90.28 1 1
github.com/sanity-io/mendoza/internal/sha256/sha256block.go:90.28,96.4 5 1
github.com/sanity-io/mendoza/internal/sha256/sha256block.go:98.3,100.27 2 1
github.com/sanity-io/mendoza/internal/sha256/sha256block.go:100.27,113.4 10 1
github.com/sanity-io/mendoza/internal/sha256/sha256block.go:115.3,124.16 9 1
github.com/sanity-io/mendoza/internal/sha256/sha256block.go:127.2,127.113 1 1
github.com/sanity-io/mendoza/internal/sha256/sha256block_arm64.go:14.35,15.24 1 1
github.com/sanity-io/mendoza/internal/sha256/sha256block_arm64.go:15.24,17.3 1 1
github.com/sanity-io/mendoza/internal/sha256/sha256block_arm64.go:17.8,20.3 2 0
github.com/sanity-io/mendoza/pkg/mendozamsgpack/impl.go:18.51,21.16 3 0
github.com/sanity-io/mendoza/pkg/mendozamsgpack/impl.go:21.16,23.3 1 0
github.com/sanity-io/mendoza/pkg/mendozamsgpack/impl.go:24.2,24.14 1 0
github.com/sanity-io/mendoza/pkg/mendozamsgpack/impl.go:24.14,26.3 1 0
github.com/sanity-io/mendoza/pkg/mendozamsgpack/impl.go:27.2,27.15 1 0
github.com/sanity-io/mendoza/pkg/mendozamsgpack/impl.go:31.52,34.16 3 0
github.com/sanity-io/mendoza/pkg/mendozamsgpack/impl.go:34.16,36.3 1 0
github.com/sanity-io/mendoza/pkg/mendozamsgpack/impl.go:37.2,37.36 1 0
github.com/sanity-io/mendoza/pkg/mendozamsgpack/impl.go:45.43,47.2 1 0
github.com/sanity-io/mendoza/pkg/mendozamsgpack/impl.go:49.40,51.2 1 0
github.com/sanity-io/mendoza/pkg/mendozamsgpack/impl.go:53.45,55.2 1 0
github.com/sanity-io/mendoza/pkg/mendozamsgpack/impl.go:57.49,59.2 1 0
github.com/sanity-io/mendoza/pkg/mendozamsgpack/impl.go:61.70,63.28 2 0
github.com/sanity-io/mendoza/pkg/mendozamsgpack/impl.go:63.28,65.17 2 0
github.com/sanity-io/mendoza/pkg/mendozamsgpack/impl.go:65.17,67.4 1 0
github.com/sanity-io/mendoza/pkg/mendozamsgpack/impl.go:70.2,70.12 1 0
github.com/sanity-io/mendoza/pkg/mendozamsgpack/impl.go:77.44,79.2 1 0
github.com/sanity-io/mendoza/pkg/mendozamsgpack/impl.go:81.41,84.2 2 0
github.com/sanity-io/mendoza/pkg/mendozamsgpack/impl.go:86.46,88.2 1 0
github.com/sanity-io/mendoza/pkg/mendozamsgpack/impl.go:90.50,93.16 3 0
github.com/sanity-io/mendoza/pkg/mendozamsgpack/impl.go:93.16,95.3 1 0
github.com/sanity-io/mendoza/pkg/mendozamsgpack/impl.go:96.2,96.20 1 0
github.com/sanity-io/mendoza/pkg/mendozamsgpack/impl.go:99.70,104.6 3 0
github.com/sanity-io/mendoza/pkg/mendozamsgpack/impl.go:104.6,106.20 2 0
github.com/sanity-io/mendoza/pkg/mendozamsgpack/impl.go:106.20,108.4 1 0
github.com/sanity-io/mendoza/pkg/mendozamsgpack/impl.go:109.3,109.17 1 0
github.com/sanity-io/mendoza/pkg/mendozamsgpack/impl.go:109.17,111.4 1 0
github.com/sanity-io/mendoza/pkg/mendozamsgpack/impl.go:112.3,112.30 1 0
github.com/sanity-io/mendoza/differ.go:18.58,20.2 1 1
github.com/sanity-io/mendoza/differ.go:26.71,28.2 1 0
github.com/sanity-io/mendoza/differ.go:31.77,32.17 1 1
github.com/sanity-io/mendoza/differ.go:32.17,33.19 1 0
github.com/sanity-io/mendoza/differ.go:33.19,35.4 1 0
github.com/sanity-io/mendoza/differ.go:36.3,36.37 1 0
github.com/sanity-io/mendoza/differ.go:39.2,40.16 2 1
github.com/sanity-io/mendoza/differ.go:40.16,42.3 1 0
github.com/sanity-io/mendoza/differ.go:43.2,44.16 2 1
github.com/sanity-io/mendoza/differ.go:44.16,46.3 1 0
github.com/sanity-io/mendoza/differ.go:48.2,54.28 3 1
github.com/sanity-io/mendoza/differ.go:59.90,60.33 1 0
github.com/sanity-io/mendoza/differ.go:60.33,62.3 1 0
github.com/sanity-io/mendoza/differ.go:64.2,64.17 1 0
github.com/sanity-io/mendoza/differ.go:64.17,66.3 1 0
github.com/sanity-io/mendoza/differ.go:68.2,68.18 1 0
github.com/sanity-io/mendoza/differ.go:68.18,70.3 1 0
github.com/sanity-io/mendoza/differ.go:72.2,73.16 2 0
github.com/sanity-io/mendoza/differ.go:73.16,75.3 1 0
github.com/sanity-io/mendoza/differ.go:76.2,77.16 2 0
github.com/sanity-io/mendoza/differ.go:77.16,79.3 1 0
github.com/sanity-io/mendoza/differ.go:81.2,96.53 5 0
github.com/sanity-io/mendoza/differ.go:130.32,133.41 2 1
github.com/sanity-io/mendoza/differ.go:133.41,136.3 1 0
github.com/sanity-io/mendoza/differ.go:138.2,150.22 4 1
github.com/sanity-io/mendoza/differ.go:150.22,152.3 1 0
github.com/sanity-io/mendoza/differ.go:154.2,154.18 1 1
github.com/sanity-io/mendoza/differ.go:165.69,166.21 1 1
github.com/sanity-io/mendoza/differ.go:166.21,170.3 3 1
github.com/sanity-io/mendoza/differ.go:173.55,174.20 1 1
github.com/sanity-io/mendoza/differ.go:174.20,176.3 1 1
github.com/sanity-io/mendoza/differ.go:178.2,180.27 2 1
github.com/sanity-io/mendoza/differ.go:180.27,183.3 2 1
github.com/sanity-io/mendoza/differ.go:185.2,185.29 1 1
github.com/sanity-io/mendoza/differ.go:185.29,188.3 2 0
github.com/sanity-io/mendoza/differ.go:190.2,190.49 1 1
github.com/sanity-io/mendoza/differ.go:190.49,193.3 2 1
github.com/sanity-io/mendoza/differ.go:196.52,197.14 1 1
github.com/sanity-io/mendoza/differ.go:197.14,200.3 2 0
github.com/sanity-io/mendoza/differ.go:202.2,207.33 4 1
github.com/sanity-io/mendoza/differ.go:207.33,209.3 1 1
github.com/sanity-io/mendoza/differ.go:209.8,211.3 1 0
github.com/sanity-io/mendoza/differ.go:213.2,213.29 1 1
github.com/sanity-io/mendoza/differ.go:216.51,217.14 1 1
github.com/sanity-io/mendoza/differ.go:217.14,220.3 1 1
github.com/sanity-io/mendoza/differ.go:222.2,227.33 4 0
github.com/sanity-io/mendoza/differ.go:227.33,229.3 1 0
github.com/sanity-io/mendoza/differ.go:229.8,231.3 1 0
github.com/sanity-io/mendoza/differ.go:233.2,233.29 1 0
github.com/sanity-io/mendoza/differ.go:271.62,276.2 4 1
github.com/sanity-io/mendoza/differ.go:278.99,283.30 3 1
github.com/sanity-io/mendoza/differ.go:283.30,289.3 2 1
github.com/sanity-io/mendoza/differ.go:291.2,291.15 1 0
github.com/sanity-io/mendoza/differ.go:291.15,292.22 1 0
github.com/sanity-io/mendoza/differ.go:292.22,295.4 1 0
github.com/sanity-io/mendoza/differ.go:297.3,297.38 1 0
github.com/sanity-io/mendoza/differ.go:297.38,300.4 1 0
github.com/sanity-io/mendoza/differ.go:303.2,306.3 1 0
github.com/sanity-io/mendoza/differ.go:309.69,312.2 2 0
github.com/sanity-io/mendoza/differ.go:314.95,316.2 1 0
github.com/sanity-io/mendoza/differ.go:318.58,341.27 3 1
github.com/sanity-io/mendoza/differ.go:341.27,342.54 1 1
github.com/sanity-io/mendoza/differ.go:342.54,343.12 1 0
github.com/sanity-io/mendoza/differ.go:346.3,348.40 3 1
github.com/sanity-io/mendoza/differ.go:351.2,354.55 2 1
github.com/sanity-io/mendoza/differ.go:354.55,360.57 4 1
github.com/sanity-io/mendoza/differ.go:360.57,363.29 2 0
github.com/sanity-io/mendoza/differ.go:363.29,364.74 1 0
github.com/sanity-io/mendoza/differ.go:364.74,368.6 3 0
github.com/sanity-io/mendoza/differ.go:373.2,373.55 1 1
github.com/sanity-io/mendoza/differ.go:373.55,377.62 3 1
github.com/sanity-io/mendoza/differ.go:377.62,380.36 2 1
github.com/sanity-io/mendoza/differ.go:380.36,382.45 2 1
github.com/sanity-io/mendoza/differ.go:382.45,384.6 1 1
github.com/sanity-io/mendoza/differ.go:390.2,390.34 1 1
github.com/sanity-io/mendoza/differ.go:390.34,394.56 3 1
github.com/sanity-io/mendoza/differ.go:394.56,400.42 4 1
github.com/sanity-io/mendoza/differ.go:400.42,401.31 1 1
github.com/sanity-io/mendoza/differ.go:401.31,404.24 2 1
github.com/sanity-io/mendoza/differ.go:404.24,405.12 1 0
github.com/sanity-io/mendoza/differ.go:408.6,408.25 1 1
github.com/sanity-io/mendoza/differ.go:408.25,416.12 4 1
github.com/sanity-io/mendoza/differ.go:419.6,419.24 1 1
github.com/sanity-io/mendoza/differ.go:422.4,422.7 1 1
github.com/sanity-io/mendoza/differ.go:426.2,426.55 1 1
github.com/sanity-io/mendoza/differ.go:426.55,428.3 1 1
github.com/sanity-io/mendoza/differ.go:430.2,430.34 1 1
github.com/sanity-io/mendoza/differ.go:430.34,438.62 5 1
github.com/sanity-io/mendoza/differ.go:438.62,440.43 2 1
github.com/sanity-io/mendoza/differ.go:440.44,442.5 0 1
github.com/sanity-io/mendoza/differ.go:442.10,444.5 1 0
github.com/sanity-io/mendoza/differ.go:447.3,452.31 4 1
github.com/sanity-io/mendoza/differ.go:452.31,457.4 1 1
github.com/sanity-io/mendoza/differ.go:459.3,459.13 1 1
github.com/sanity-io/mendoza/differ.go:459.13,461.4 1 1
github.com/sanity-io/mendoza/differ.go:461.9,463.4 1 0
github.com/sanity-io/mendoza/differ.go:465.3,467.13 2 1
github.com/sanity-io/mendoza/differ.go:467.13,469.41 1 1
github.com/sanity-io/mendoza/differ.go:469.41,472.5 2 0
github.com/sanity-io/mendoza/differ.go:475.3,475.56 1 1
github.com/sanity-io/mendoza/differ.go:475.56,479.45 3 1
github.com/sanity-io/mendoza/differ.go:479.45,480.22 1 1
github.com/sanity-io/mendoza/differ.go:480.22,481.17 1 1
github.com/sanity-io/mendoza/differ.go:481.17,485.7 2 0
github.com/sanity-io/mendoza/differ.go:486.11,492.6 2 0
github.com/sanity-io/mendoza/differ.go:493.10,497.72 2 1
github.com/sanity-io/mendoza/differ.go:497.72,498.48 1 1
github.com/sanity-io/mendoza/differ.go:498.48,500.32 1 1
github.com/sanity-io/mendoza/differ.go:500.32,504.42 3 0
github.com/sanity-io/mendoza/differ.go:504.42,507.9 2 0
github.com/sanity-io/mendoza/differ.go:507.14,510.9 2 0
github.com/sanity-io/mendoza/differ.go:511.8,511.23 1 0
github.com/sanity-io/mendoza/differ.go:514.7,514.12 1 1
github.com/sanity-io/mendoza/differ.go:518.5,518.18 1 1
github.com/sanity-io/mendoza/differ.go:518.18,524.6 2 1
github.com/sanity-io/mendoza/differ.go:528.3,529.68 2 1
github.com/sanity-io/mendoza/differ.go:549.64,553.2 3 0
github.com/sanity-io/mendoza/differ.go:555.101,561.34 2 0
github.com/sanity-io/mendoza/differ.go:561.34,564.3 1 0
github.com/sanity-io/mendoza/differ.go:566.2,566.60 1 0
github.com/sanity-io/mendoza/differ.go:566.60,567.46 1 0
github.com/sanity-io/mendoza/differ.go:567.46,576.4 4 0
github.com/sanity-io/mendoza/differ.go:578.3,578.44 1 0
github.com/sanity-io/mendoza/differ.go:578.44,581.10 1 0
github.com/sanity-io/mendoza/differ.go:581.10,585.5 1 0
github.com/sanity-io/mendoza/differ.go:589.2,589.45 1 0
github.com/sanity-io/mendoza/differ.go:589.45,592.3 1 0
github.com/sanity-io/mendoza/differ.go:594.2,597.3 1 0
github.com/sanity-io/mendoza/differ.go:600.60,606.27 3 0
github.com/sanity-io/mendoza/differ.go:606.27,607.56 1 0
github.com/sanity-io/mendoza/differ.go:607.56,608.12 1 0
github.com/sanity-io/mendoza/differ.go:611.3,613.40 3 0
github.com/sanity-io/mendoza/differ.go:616.2,616.55 1 0
github.com/sanity-io/mendoza/differ.go:616.55,620.64 3 0
github.com/sanity-io/mendoza/differ.go:620.64,623.36 2 0
github.com/sanity-io/mendoza/differ.go:623.36,625.45 2 0
github.com/sanity-io/mendoza/differ.go:625.45,627.6 1 0
github.com/sanity-io/mendoza/differ.go:633.2,633.34 1 0
github.com/sanity-io/mendoza/differ.go:633.34,637.56 3 0
github.com/sanity-io/mendoza/differ.go:637.56,638.28 1 0
github.com/sanity-io/mendoza/differ.go:638.28,639.10 1 0
github.com/sanity-io/mendoza/differ.go:642.4,644.62 2 0
github.com/sanity-io/mendoza/differ.go:644.62,653.5 3 0
github.com/sanity-io/mendoza/differ.go:655.4,656.22 2 0
github.com/sanity-io/mendoza/differ.go:660.2,660.55 1 0
github.com/sanity-io/mendoza/differ.go:660.55,662.3 1 0
github.com/sanity-io/mendoza/differ.go:664.2,664.34 1 0
github.com/sanity-io/mendoza/differ.go:664.34,674.56 7 0
github.com/sanity-io/mendoza/differ.go:674.56,678.40 3 0
github.com/sanity-io/mendoza/differ.go:678.40,679.25 1 0
github.com/sanity-io/mendoza/differ.go:679.25,681.6 1 0
github.com/sanity-io/mendoza/differ.go:683.5,683.29 1 0
github.com/sanity-io/mendoza/differ.go:683.30,685.6 0 0
github.com/sanity-io/mendoza/differ.go:685.11,689.6 3 0
github.com/sanity-io/mendoza/differ.go:690.10,693.53 2 0
github.com/sanity-io/mendoza/differ.go:693.53,694.45 1 0
github.com/sanity-io/mendoza/differ.go:694.45,695.34 1 0
github.com/sanity-io/mendoza/differ.go:695.34,702.8 5 0
github.com/sanity-io/mendoza/differ.go:704.7,704.12 1 0
github.com/sanity-io/mendoza/differ.go:708.5,708.18 1 0
github.com/sanity-io/mendoza/differ.go:708.18,711.6 2 0
github.com/sanity-io/mendoza/differ.go:715.3,716.68 2 0
github.com/sanity-io/mendoza/differ.go:723.36,725.31 2 1
github.com/sanity-io/mendoza/differ.go:725.31,728.15 3 1
github.com/sanity-io/mendoza/differ.go:728.15,729.9 1 1
github.com/sanity-io/mendoza/differ.go:731.3,731.12 1 0
github.com/sanity-io/mendoza/differ.go:733.2,733.10 1 1
github.com/sanity-io/mendoza/differ.go:736.48,738.45 2 1
github.com/sanity-io/mendoza/differ.go:738.45,742.15 3 1
github.com/sanity-io/mendoza/differ.go:742.15,743.9 1 1
github.com/sanity-io/mendoza/differ.go:746.3,746.12 1 0
github.com/sanity-io/mendoza/differ.go:748.2,748.10 1 1
github.com/sanity-io/mendoza/differ.go:751.81,752.32 1 1
github.com/sanity-io/mendoza/differ.go:752.32,756.10 3 1
github.com/sanity-io/mendoza/differ.go:756.10,757.12 1 0
github.com/sanity-io/mendoza/differ.go:760.3,760.32 1 1
github.com/sanity-io/mendoza/differ.go:760.32,761.49 1 0
github.com/sanity-io/mendoza/differ.go:764.3,772.17 6 1
github.com/sanity-io/mendoza/differ.go:772.17,775.4 2 0
github.com/sanity-io/mendoza/differ.go:777.3,780.19 3 1
github.com/sanity-io/mendoza/differ.go:780.19,783.4 2 1
github.com/sanity-io/mendoza/differ.go:785.3,785.17 1 1
github.com/sanity-io/mendoza/differ.go:785.17,788.4 2 0
github.com/sanity-io/mendoza/differ.go:790.3,791.72 2 1
github.com/sanity-io/mendoza/format.go:66.37,68.16 2 1
github.com/sanity-io/mendoza/format.go:68.16,70.3 1 1
github.com/sanity-io/mendoza/format.go:72.2,73.14 2 1
github.com/sanity-io/mendoza/format.go:74.17,75.18 1 0
github.com/sanity-io/mendoza/format.go:76.16,77.17 1 0
github.com/sanity-io/mendoza/format.go:78.17,79.18 1 0
github.com/sanity-io/mendoza/format.go:80.27,81.28 1 0
github.com/sanity-io/mendoza/format.go:82.28,83.29 1 0
github.com/sanity-io/mendoza/format.go:84.35,85.36 1 0
github.com/sanity-io/mendoza/format.go:86.21,87.22 1 0
github.com/sanity-io/mendoza/format.go:88.23,89.24 1 0
github.com/sanity-io/mendoza/format.go:90.22,91.23 1 0
github.com/sanity-io/mendoza/format.go:92.15,93.16 1 0
github.com/sanity-io/mendoza/format.go:94.25,95.26 1 0
github.com/sanity-io/mendoza/format.go:96.26,97.27 1 0
github.com/sanity-io/mendoza/format.go:98.27,99.28 1 0
github.com/sanity-io/mendoza/format.go:100.28,101.29 1 0
github.com/sanity-io/mendoza/format.go:102.31,103.32 1 0
github.com/sanity-io/mendoza/format.go:104.38,105.39 1 0
github.com/sanity-io/mendoza/format.go:106.30,107.31 1 0
github.com/sanity-io/mendoza/format.go:108.31,109.32 1 1
github.com/sanity-io/mendoza/format.go:110.27,111.28 1 0
github.com/sanity-io/mendoza/format.go:112.29,113.30 1 0
github.com/sanity-io/mendoza/format.go:114.28,115.29 1 0
github.com/sanity-io/mendoza/format.go:116.28,117.29 1 0
github.com/sanity-io/mendoza/format.go:118.30,119.31 1 0
github.com/sanity-io/mendoza/format.go:120.29,121.30 1 0
github.com/sanity-io/mendoza/format.go:122.10,123.53 1 0
github.com/sanity-io/mendoza/format.go:126.2,127.16 2 1
github.com/sanity-io/mendoza/format.go:127.16,129.3 1 0
github.com/sanity-io/mendoza/format.go:130.2,130.16 1 1
github.com/sanity-io/mendoza/format.go:134.37,137.19 2 1
github.com/sanity-io/mendoza/format.go:138.16,139.19 1 0
github.com/sanity-io/mendoza/format.go:140.15,141.18 1 0
github.com/sanity-io/mendoza/format.go:142.16,143.19 1 0
github.com/sanity-io/mendoza/format.go:144.26,145.29 1 0
github.com/sanity-io/mendoza/format.go:146.27,147.30 1 0
github.com/sanity-io/mendoza/format.go:148.34,149.37 1 0
github.com/sanity-io/mendoza/format.go:150.20,151.23 1 0
github.com/sanity-io/mendoza/format.go:152.22,153.25 1 0
github.com/sanity-io/mendoza/format.go:154.21,155.24 1 0
github.com/sanity-io/mendoza/format.go:156.14,157.17 1 0
github.com/sanity-io/mendoza/format.go:158.24,159.27 1 0
github.com/sanity-io/mendoza/format.go:160.25,161.28 1 0
github.com/sanity-io/mendoza/format.go:162.26,163.29 1 0
github.com/sanity-io/mendoza/format.go:164.27,165.30 1 0
github.com/sanity-io/mendoza/format.go:166.30,167.33 1 0
github.com/sanity-io/mendoza/format.go:168.37,169.40 1 0
github.com/sanity-io/mendoza/format.go:170.29,171.32 1 0
github.com/sanity-io/mendoza/format.go:172.30,173.33 1 1
github.com/sanity-io/mendoza/format.go:174.26,175.29 1 0
github.com/sanity-io/mendoza/format.go:176.28,177.31 1 0
github.com/sanity-io/mendoza/format.go:178.27,179.30 1 0
github.com/sanity-io/mendoza/format.go:180.27,181.30 1 0
github.com/sanity-io/mendoza/format.go:182.29,183.32 1 0
github.com/sanity-io/mendoza/format.go:184.28,185.31 1 0
github.com/sanity-io/mendoza/format.go:188.2,189.16 2 1
github.com/sanity-io/mendoza/format.go:189.16,191.3 1 0
github.com/sanity-io/mendoza/format.go:193.2,194.16 2 1
github.com/sanity-io/mendoza/format.go:194.16,196.3 1 0
github.com/sanity-io/mendoza/format.go:198.2,198.12 1 1
github.com/sanity-io/mendoza/format.go:202.44,203.27 1 1
github.com/sanity-io/mendoza/format.go:203.27,205.17 2 1
github.com/sanity-io/mendoza/format.go:205.17,207.4 1 0
github.com/sanity-io/mendoza/format.go:210.2,210.12 1 1
github.com/sanity-io/mendoza/format.go:213.46,216.6 2 1
github.com/sanity-io/mendoza/format.go:216.6,218.20 2 1
github.com/sanity-io/mendoza/format.go:218.20,219.9 1 1
github.com/sanity-io/mendoza/format.go:222.3,222.17 1 1
github.com/sanity-io/mendoza/format.go:222.17,224.4 1 0
github.com/sanity-io/mendoza/format.go:226.3,226.30 1 1
github.com/sanity-io/mendoza/format.go:229.2,229.12 1 1
github.com/sanity-io/mendoza/format.go:232.61,234.16 2 1
github.com/sanity-io/mendoza/format.go:234.16,236.3 1 1
github.com/sanity-io/mendoza/format.go:238.2,238.16 1 1
github.com/sanity-io/mendoza/format.go:238.16,240.3 1 0
github.com/sanity-io/mendoza/format.go:242.2,242.24 1 1
github.com/sanity-io/mendoza/format.go:245.58,247.16 2 1
github.com/sanity-io/mendoza/format.go:247.16,249.3 1 1
github.com/sanity-io/mendoza/format.go:253.2,253.27 1 1
github.com/sanity-io/mendoza/format.go:254.15,256.19 2 1
github.com/sanity-io/mendoza/format.go:256.19,258.4 1 0
github.com/sanity-io/mendoza/format.go:259.3,259.17 1 1
github.com/sanity-io/mendoza/format.go:259.17,261.4 1 0
github.com/sanity-io/mendoza/format.go:262.3,262.26 1 1
github.com/sanity-io/mendoza/format.go:263.11,264.14 1 0
github.com/sanity-io/mendoza/format.go:264.14,266.4 1 0
github.com/sanity-io/mendoza/format.go:267.3,267.18 1 0
github.com/sanity-io/mendoza/format.go:268.10,269.50 1 0
github.com/sanity-io/mendoza/format.go:273.63,275.16 2 1
github.com/sanity-io/mendoza/format.go:275.16,277.3 1 0
github.com/sanity-io/mendoza/format.go:279.2,280.9 2 1
github.com/sanity-io/mendoza/format.go:280.9,282.3 1 0
github.com/sanity-io/mendoza/format.go:284.2,284.17 1 1
github.com/sanity-io/mendoza/format.go:289.53,292.2 2 1
github.com/sanity-io/mendoza/format.go:294.54,297.2 2 1
github.com/sanity-io/mendoza/format.go:299.52,301.2 1 0
github.com/sanity-io/mendoza/format.go:303.53,305.2 1 0
github.com/sanity-io/mendoza/format.go:307.53,309.2 1 0
github.com/sanity-io/mendoza/format.go:311.54,313.2 1 0
github.com/sanity-io/mendoza/format.go:315.64,318.2 2 1
github.com/sanity-io/mendoza/format.go:320.65,323.2 2 1
github.com/sanity-io/mendoza/format.go:325.71,327.2 1 0
github.com/sanity-io/mendoza/format.go:329.72,331.2 1 0
github.com/sanity-io/mendoza/format.go:333.63,335.2 1 0
github.com/sanity-io/mendoza/format.go:337.64,339.2 1 0
github.com/sanity-io/mendoza/format.go:341.57,344.2 2 0
github.com/sanity-io/mendoza/format.go:346.58,349.2 2 0
github.com/sanity-io/mendoza/format.go:351.59,354.2 2 0
github.com/sanity-io/mendoza/format.go:356.60,359.2 2 0
github.com/sanity-io/mendoza/format.go:361.58,364.2 2 0
github.com/sanity-io/mendoza/format.go:366.59,369.2 2 0
github.com/sanity-io/mendoza/format.go:371.51,373.2 1 0
github.com/sanity-io/mendoza/format.go:375.52,377.2 1 0
github.com/sanity-io/mendoza/format.go:381.61,384.2 2 0
github.com/sanity-io/mendoza/format.go:386.62,389.2 2 0
github.com/sanity-io/mendoza/format.go:391.62,394.2 2 0
github.com/sanity-io/mendoza/format.go:396.63,399.2 2 0
github.com/sanity-io/mendoza/format.go:401.63,404.2 2 0
github.com/sanity-io/mendoza/format.go:406.64,409.2 2 0
github.com/sanity-io/mendoza/format.go:411.64,414.2 2 0
github.com/sanity-io/mendoza/format.go:416.65,419.2 2 0
github.com/sanity-io/mendoza/format.go:421.67,424.2 2 0
github.com/sanity-io/mendoza/format.go:426.68,429.2 2 0
github.com/sanity-io/mendoza/format.go:431.74,433.2 1 0
github.com/sanity-io/mendoza/format.go:435.75,437.2 1 0
github.com/sanity-io/mendoza/format.go:439.66,442.2 2 0
github.com/sanity-io/mendoza/format.go:444.67,447.2 2 0
github.com/sanity-io/mendoza/format.go:449.67,451.16 2 1
github.com/sanity-io/mendoza/format.go:451.16,453.3 1 0
github.com/sanity-io/mendoza/format.go:454.2,455.8 2 1
github.com/sanity-io/mendoza/format.go:458.68,460.16 2 1
github.com/sanity-io/mendoza/format.go:460.16,462.3 1 0
github.com/sanity-io/mendoza/format.go:463.2,464.8 2 1
github.com/sanity-io/mendoza/format.go:467.63,469.16 2 0
github.com/sanity-io/mendoza/format.go:469.16,471.3 1 0
github.com/sanity-io/mendoza/format.go:472.2,472.8 1 0
github.com/sanity-io/mendoza/format.go:475.64,477.16 2 0
github.com/sanity-io/mendoza/format.go:477.16,479.3 1 0
github.com/sanity-io/mendoza/format.go:480.2,480.8 1 0
github.com/sanity-io/mendoza/format.go:483.65,486.2 2 0
github.com/sanity-io/mendoza/format.go:488.66,491.2 2 0
github.com/sanity-io/mendoza/format.go:493.64,496.2 2 0
github.com/sanity-io/mendoza/format.go:498.65,501.2 2 0
github.com/sanity-io/mendoza/format.go:503.64,505.16 2 0
github.com/sanity-io/mendoza/format.go:505.16,507.3 1 0
github.com/sanity-io/mendoza/format.go:508.2,509.8 2 0
github.com/sanity-io/mendoza/format.go:512.65,514.16 2 0
github.com/sanity-io/mendoza/format.go:514.16,516.3 1 0
github.com/sanity-io/mendoza/format.go:517.2,518.8 2 0
github.com/sanity-io/mendoza/format.go:521.66,524.2 2 0
github.com/sanity-io/mendoza/format.go:526.67,529.2 2 0
github.com/sanity-io/mendoza/format.go:531.65,533.16 2 0
github.com/sanity-io/mendoza/format.go:533.16,535.3 1 0
github.com/sanity-io/mendoza/format.go:536.2,537.8 2 0
github.com/sanity-io/mendoza/format.go:540.66,542.16 2 0
github.com/sanity-io/mendoza/format.go:542.16,544.3 1 0
github.com/sanity-io/mendoza/format.go:545.2,546.8 2 0
github.com/sanity-io/mendoza/json.go:15.48,17.2 1 1
github.com/sanity-io/mendoza/json.go:19.45,21.2 1 0
github.com/sanity-io/mendoza/json.go:23.50,25.2 1 1
github.com/sanity-io/mendoza/json.go:27.54,30.16 3 1
github.com/sanity-io/mendoza/json.go:30.16,32.3 1 0
github.com/sanity-io/mendoza/json.go:33.2,34.12 2 1
github.com/sanity-io/mendoza/json.go:37.29,38.24 1 1
github.com/sanity-io/mendoza/json.go:38.24,40.3 1 1
github.com/sanity-io/mendoza/json.go:40.8,42.3 1 1
github.com/sanity-io/mendoza/json.go:45.40,46.24 1 1
github.com/sanity-io/mendoza/json.go:46.24,48.3 1 0
github.com/sanity-io/mendoza/json.go:50.2,51.17 2 1
github.com/sanity-io/mendoza/json.go:58.37,59.19 1 1
github.com/sanity-io/mendoza/json.go:59.19,61.17 2 1
github.com/sanity-io/mendoza/json.go:61.17,63.4 1 0
github.com/sanity-io/mendoza/json.go:64.3,64.27 1 1
github.com/sanity-io/mendoza/json.go:64.27,66.4 1 0
github.com/sanity-io/mendoza/json.go:68.3,68.16 1 1
github.com/sanity-io/mendoza/json.go:71.2,71.12 1 1
github.com/sanity-io/mendoza/json.go:74.49,76.2 1 1
github.com/sanity-io/mendoza/json.go:78.46,80.2 1 0
github.com/sanity-io/mendoza/json.go:82.51,84.2 1 1
github.com/sanity-io/mendoza/json.go:86.55,88.16 2 1
github.com/sanity-io/mendoza/json.go:88.16,90.3 1 1
github.com/sanity-io/mendoza/json.go:91.2,93.16 3 1
github.com/sanity-io/mendoza/json.go:93.16,95.3 1 0
github.com/sanity-io/mendoza/json.go:96.2,96.17 1 1
github.com/sanity-io/mendoza/json.go:99.42,101.16 2 1
github.com/sanity-io/mendoza/json.go:101.16,103.3 1 0
github.com/sanity-io/mendoza/json.go:105.2,105.26 1 1
github.com/sanity-io/mendoza/json.go:105.26,107.3 1 0
github.com/sanity-io/mendoza/json.go:109.2,109.12 1 1
github.com/sanity-io/mendoza/json.go:117.54,119.2 1 0
github.com/sanity-io/mendoza/json.go:121.51,123.2 1 0
github.com/sanity-io/mendoza/json.go:125.56,127.2 1 0
github.com/sanity-io/mendoza/json.go:129.60,130.26 1 0
github.com/sanity-io/mendoza/json.go:130.26,132.3 1 0
github.com/sanity-io/mendoza/json.go:133.2,135.25 3 0
github.com/sanity-io/mendoza/json.go:138.50,141.16 3 1
github.com/sanity-io/mendoza/json.go:141.16,143.3 1 0
github.com/sanity-io/mendoza/json.go:144.2,144.26 1 1
github.com/sanity-io/mendoza/json.go:147.54,153.16 3 1
github.com/sanity-io/mendoza/json.go:153.16,155.3 1 0
github.com/sanity-io/mendoza/json.go:157.2,157.27 1 1
github.com/sanity-io/mendoza/json.go:161.58,164.2 2 0
github.com/sanity-io/mendoza/options.go:14.97,17.2 2 0
github.com/sanity-io/mendoza/patcher.go:36.74,38.2 1 0
github.com/sanity-io/mendoza/patcher.go:44.60,46.2 1 1
github.com/sanity-io/mendoza/patcher.go:50.93,51.21 1 1
github.com/sanity-io/mendoza/patcher.go:51.21,53.3 1 0
github.com/sanity-io/mendoza/patcher.go:55.2,55.32 1 1
github.com/sanity-io/mendoza/patcher.go:55.32,57.3 1 0
github.com/sanity-io/mendoza/patcher.go:59.2,65.27 2 1
github.com/sanity-io/mendoza/patcher.go:65.27,66.40 1 1
github.com/sanity-io/mendoza/patcher.go:66.40,68.4 1 0
github.com/sanity-io/mendoza/patcher.go:71.2,71.24 1 1
github.com/sanity-io/mendoza/patcher.go:76.79,78.16 2 1
github.com/sanity-io/mendoza/patcher.go:78.16,79.13 1 0
github.com/sanity-io/mendoza/patcher.go:81.2,81.15 1 1
github.com/sanity-io/mendoza/patcher.go:84.36,86.2 1 0
github.com/sanity-io/mendoza/patcher.go:88.37,90.2 1 1
github.com/sanity-io/mendoza/patcher.go:92.50,93.34 1 0
github.com/sanity-io/mendoza/patcher.go:93.35,95.3 0 0
github.com/sanity-io/mendoza/patcher.go:97.2,97.55 1 0
github.com/sanity-io/mendoza/patcher.go:100.52,102.2 1 1
github.com/sanity-io/mendoza/patcher.go:104.48,105.33 1 1
github.com/sanity-io/mendoza/patcher.go:105.33,107.3 1 1
github.com/sanity-io/mendoza/patcher.go:109.2,109.32 1 1
github.com/sanity-io/mendoza/patcher.go:109.32,111.3 1 0
github.com/sanity-io/mendoza/patcher.go:113.2,113.35 1 1
github.com/sanity-io/mendoza/patcher.go:113.35,115.3 1 0
github.com/sanity-io/mendoza/patcher.go:117.2,117.21 1 1
github.com/sanity-io/mendoza/patcher.go:120.64,121.25 1 0
github.com/sanity-io/mendoza/patcher.go:121.25,123.10 2 0
github.com/sanity-io/mendoza/patcher.go:123.10,125.4 1 0
github.com/sanity-io/mendoza/patcher.go:126.3,128.24 3 0
github.com/sanity-io/mendoza/patcher.go:128.24,130.4 1 0
github.com/sanity-io/mendoza/patcher.go:131.3,132.28 2 0
github.com/sanity-io/mendoza/patcher.go:132.28,138.4 2 0
github.com/sanity-io/mendoza/patcher.go:139.3,139.24 1 0
github.com/sanity-io/mendoza/patcher.go:142.2,142.41 1 0
github.com/sanity-io/mendoza/patcher.go:142.41,144.3 1 0
github.com/sanity-io/mendoza/patcher.go:146.2,146.31 1 0
github.com/sanity-io/mendoza/patcher.go:149.71,151.9 2 0
github.com/sanity-io/mendoza/patcher.go:151.9,153.3 1 0
github.com/sanity-io/mendoza/patcher.go:154.2,154.17 1 0
github.com/sanity-io/mendoza/patcher.go:157.61,159.9 2 0
github.com/sanity-io/mendoza/patcher.go:159.9,161.3 1 0
github.com/sanity-io/mendoza/patcher.go:162.2,162.17 1 0
github.com/sanity-io/mendoza/patcher.go:165.55,167.9 2 0
github.com/sanity-io/mendoza/patcher.go:167.9,169.3 1 0
github.com/sanity-io/mendoza/patcher.go:170.2,170.17 1 0
github.com/sanity-io/mendoza/patcher.go:173.46,176.2 2 1
github.com/sanity-io/mendoza/patcher.go:178.72,181.33 2 1
github.com/sanity-io/mendoza/patcher.go:181.33,182.26 1 1
github.com/sanity-io/mendoza/patcher.go:182.26,184.4 1 0
github.com/sanity-io/mendoza/patcher.go:184.9,186.11 2 1
github.com/sanity-io/mendoza/patcher.go:186.11,188.5 1 0
github.com/sanity-io/mendoza/patcher.go:189.4,191.26 2 1
github.com/sanity-io/mendoza/patcher.go:191.26,193.5 1 1
github.com/sanity-io/mendoza/patcher.go:194.4,194.30 1 1
github.com/sanity-io/mendoza/patcher.go:198.2,198.34 1 1
github.com/sanity-io/mendoza/patcher.go:201.63,204.25 2 0
github.com/sanity-io/mendoza/patcher.go:204.25,206.10 2 0
github.com/sanity-io/mendoza/patcher.go:206.10,208.4 1 0
github.com/sanity-io/mendoza/patcher.go:209.3,211.21 3 0
github.com/sanity-io/mendoza/patcher.go:214.2,214.34 1 0
github.com/sanity-io/mendoza/patcher.go:217.57,220.25 2 0
github.com/sanity-io/mendoza/patcher.go:220.25,222.10 2 0
github.com/sanity-io/mendoza/patcher.go:222.10,224.4 1 0
github.com/sanity-io/mendoza/patcher.go:225.3,226.21 2 0
github.com/sanity-io/mendoza/patcher.go:229.2,229.35 1 0
github.com/sanity-io/mendoza/patcher.go:232.45,237.2 2 1
github.com/sanity-io/mendoza/patcher.go:239.44,245.2 3 0
github.com/sanity-io/mendoza/patcher.go:247.45,252.2 2 0
github.com/sanity-io/mendoza/patcher.go:254.56,258.16 4 1
github.com/sanity-io/mendoza/patcher.go:258.16,260.3 1 0
github.com/sanity-io/mendoza/patcher.go:261.2,262.12 2 1
github.com/sanity-io/mendoza/patcher.go:265.63,270.16 5 0
github.com/sanity-io/mendoza/patcher.go:270.16,272.3 1 0
github.com/sanity-io/mendoza/patcher.go:273.2,274.12 2 0
github.com/sanity-io/mendoza/patcher.go:277.55,281.16 4 0
github.com/sanity-io/mendoza/patcher.go:281.16,283.3 1 0
github.com/sanity-io/mendoza/patcher.go:284.2,285.12 2 0
github.com/sanity-io/mendoza/patcher.go:288.49,290.16 2 0
github.com/sanity-io/mendoza/patcher.go:290.16,292.3 1 0
github.com/sanity-io/mendoza/patcher.go:293.2,294.34 2 0
github.com/sanity-io/mendoza/patcher.go:294.34,296.3 1 0
github.com/sanity-io/mendoza/patcher.go:297.2,301.12 2 0
github.com/sanity-io/mendoza/patcher.go:304.51,306.16 2 0
github.com/sanity-io/mendoza/patcher.go:306.16,308.3 1 0
github.com/sanity-io/mendoza/patcher.go:309.2,309.42 1 0
github.com/sanity-io/mendoza/patcher.go:309.42,311.3 1 0
github.com/sanity-io/mendoza/patcher.go:312.2,313.34 2 0
github.com/sanity-io/mendoza/patcher.go:313.34,315.3 1 0
github.com/sanity-io/mendoza/patcher.go:316.2,319.12 2 0
github.com/sanity-io/mendoza/patcher.go:322.50,324.41 2 0
github.com/sanity-io/mendoza/patcher.go:324.41,326.3 1 0
github.com/sanity-io/mendoza/patcher.go:327.2,329.12 3 0
github.com/sanity-io/mendoza/patcher.go:332.43,335.2 2 0
github.com/sanity-io/mendoza/patcher.go:337.53,338.50 1 0
github.com/sanity-io/mendoza/patcher.go:338.50,340.3 1 0
github.com/sanity-io/mendoza/patcher.go:341.2,341.29 1 0
github.com/sanity-io/mendoza/patcher.go:344.54,345.50 1 0
github.com/sanity-io/mendoza/patcher.go:345.50,347.3 1 0
github.com/sanity-io/mendoza/patcher.go:348.2,348.30 1 0
github.com/sanity-io/mendoza/patcher.go:351.55,352.52 1 0
github.com/sanity-io/mendoza/patcher.go:352.52,354.3 1 0
github.com/sanity-io/mendoza/patcher.go:355.2,355.29 1 0
github.com/sanity-io/mendoza/patcher.go:358.56,359.52 1 0
github.com/sanity-io/mendoza/patcher.go:359.52,361.3 1 0
github.com/sanity-io/mendoza/patcher.go:362.2,362.30 1 0
github.com/sanity-io/mendoza/patcher.go:365.59,366.57 1 0
github.com/sanity-io/mendoza/patcher.go:366.57,368.3 1 0
github.com/sanity-io/mendoza/patcher.go:369.2,369.28 1 0
github.com/sanity-io/mendoza/patcher.go:372.66,373.64 1 0
github.com/sanity-io/mendoza/patcher.go:373.64,375.3 1 0
github.com/sanity-io/mendoza/patcher.go:376.2,376.28 1 0
github.com/sanity-io/mendoza/patcher.go:379.58,380.56 1 0
github.com/sanity-io/mendoza/patcher.go:380.56,382.3 1 0
github.com/sanity-io/mendoza/patcher.go:383.2,383.28 1 0
github.com/sanity-io/mendoza/patcher.go:386.59,387.46 1 1
github.com/sanity-io/mendoza/patcher.go:387.46,389.3 1 0
github.com/sanity-io/mendoza/patcher.go:390.2,390.41 1 1
github.com/sanity-io/mendoza/patcher.go:393.55,394.50 1 0
github.com/sanity-io/mendoza/patcher.go:394.50,396.3 1 0
github.com/sanity-io/mendoza/patcher.go:397.2,397.45 1 0
github.com/sanity-io/mendoza/patcher.go:397.45,399.3 1 0
github.com/sanity-io/mendoza/patcher.go:400.2,400.64 1 0
github.com/sanity-io/mendoza/patcher.go:400.64,402.3 1 0
github.com/sanity-io/mendoza/patcher.go:403.2,403.28 1 0
github.com/sanity-io/mendoza/patcher.go:406.57,408.16 2 0
github.com/sanity-io/mendoza/patcher.go:408.16,410.3 1 0
github.com/sanity-io/mendoza/patcher.go:411.2,412.16 2 0
github.com/sanity-io/mendoza/patcher.go:412.16,414.3 1 0
github.com/sanity-io/mendoza/patcher.go:415.2,416.12 2 0
github.com/sanity-io/mendoza/patcher.go:419.56,421.16 2 0
github.com/sanity-io/mendoza/patcher.go:421.16,423.3 1 0
github.com/sanity-io/mendoza/patcher.go:424.2,425.12 2 0
github.com/sanity-io/mendoza/patcher.go:428.56,430.16 2 0
github.com/sanity-io/mendoza/patcher.go:430.16,432.3 1 0
github.com/sanity-io/mendoza/patcher.go:433.2,433.62 1 0
github.com/sanity-io/mendoza/patcher.go:433.62,435.3 1 0
github.com/sanity-io/mendoza/patcher.go:436.2,437.16 2 0
github.com/sanity-io/mendoza/patcher.go:437.16,439.3 1 0
github.com/sanity-io/mendoza/patcher.go:440.2,441.12 2 0
github.com/sanity-io/mendoza/patcher.go:444.58,446.16 2 0
github.com/sanity-io/mendoza/patcher.go:446.16,448.3 1 0
github.com/sanity-io/mendoza/patcher.go:449.2,450.12 2 0
github.com/sanity-io/mendoza/patcher.go:453.57,455.16 2 0
github.com/sanity-io/mendoza/patcher.go:455.16,457.3 1 0
github.com/sanity-io/mendoza/patcher.go:458.2,458.62 1 0
github.com/sanity-io/mendoza/patcher.go:458.62,460.3 1 0
github.com/sanity-io/mendoza/patcher.go:461.2,462.16 2 0
github.com/sanity-io/mendoza/patcher.go:462.16,464.3 1 0
github.com/sanity-io/mendoza/patcher.go:465.2,466.12 2 0
github.com/sanity-io/mendoza/cmd/dozadiff/main.go:11.53,13.16 2 0
github.com/sanity-io/mendoza/cmd/dozadiff/main.go:13.16,15.3 1 0
github.com/sanity-io/mendoza/cmd/dozadiff/main.go:16.2,19.16 4 0
github.com/sanity-io/mendoza/cmd/dozadiff/main.go:19.16,21.3 1 0
github.com/sanity-io/mendoza/cmd/dozadiff/main.go:22.2,22.17 1 0
github.com/sanity-io/mendoza/cmd/dozadiff/main.go:25.44,27.16 2 0
github.com/sanity-io/mendoza/cmd/dozadiff/main.go:27.16,29.3 1 0
github.com/sanity-io/mendoza/cmd/dozadiff/main.go:30.2,31.16 2 0
github.com/sanity-io/mendoza/cmd/dozadiff/main.go:31.16,33.3 1 0
github.com/sanity-io/mendoza/cmd/dozadiff/main.go:35.2,36.16 2 0
github.com/sanity-io/mendoza/cmd/dozadiff/main.go:36.16,38.3 1 0
github.com/sanity-io/mendoza/cmd/dozadiff/main.go:40.2,42.16 3 0
github.com/sanity-io/mendoza/cmd/dozadiff/main.go:42.16,44.3 1 0
github.com/sanity-io/mendoza/cmd/dozadiff/main.go:46.2,46.12 1 0
github.com/sanity-io/mendoza/cmd/dozadiff/main.go:49.13,50.23 1 0
github.com/sanity-io/mendoza/cmd/dozadiff/main.go:50.23,53.3 2 0
github.com/sanity-io/mendoza/cmd/dozadiff/main.go:55.2,56.16 2 0
github.com/sanity-io/mendoza/cmd/dozadiff/main.go:56.16,59.3 2 0
github.com/sanity-io/mendoza/cmd/dozapatch/main.go:11.56,13.16 2 1
github.com/sanity-io/mendoza/cmd/dozapatch/main.go:13.16,15.3 1 1
github.com/sanity-io/mendoza/cmd/dozapatch/main.go:16.2,17.29 2 1
github.com/sanity-io/mendoza/cmd/dozapatch/main.go:20.48,22.58 2 1
github.com/sanity-io/mendoza/cmd/dozapatch/main.go:22.58,24.3 1 1
github.com/sanity-io/mendoza/cmd/dozapatch/main.go:26.2,27.52 2 1
github.com/sanity-io/mendoza/cmd/dozapatch/main.go:27.52,29.3 1 1
github.com/sanity-io/mendoza/cmd/dozapatch/main.go:31.2,34.47 3 1
github.com/sanity-io/mendoza/cmd/dozapatch/main.go:34.47,36.3 1 0
github.com/sanity-io/mendoza/cmd/dozapatch/main.go:38.2,38.12 1 1
github.com/sanity-io/mendoza/cmd/dozapatch/main.go:41.13,42.23 1 0
github.com/sanity-io/mendoza/cmd/dozapatch/main.go:42.23,45.3 2 0
github.com/sanity-io/mendoza/cmd/dozapatch/main.go:47.2,48.16 2 0
github.com/sanity-io/mendoza/cmd/dozapatch/main.go:48.16,51.3 2 0
github.com/sanity-io/mendoza/internal/fuzz/fuzz.go:12.41,16.16 3 0
github.com/sanity-io/mendoza/internal/fuzz/fuzz.go:16.16,17.13 1 0
github.com/sanity-io/mendoza/internal/fuzz/fuzz.go:19.2,20.16 2 0
github.com/sanity-io/mendoza/internal/fuzz/fuzz.go:20.16,21.13 1 0
github.com/sanity-io/mendoza/internal/fuzz/fuzz.go:24.2,24.40 1 0
github.com/sanity-io/mendoza/internal/fuzz/fuzz.go:24.40,25.47 1 0
github.com/sanity-io/mendoza/internal/fuzz/fuzz.go:29.44,31.16 2 0
github.com/sanity-io/mendoza/internal/fuzz/fuzz.go:31.16,32.13 1 0
github.com/sanity-io/mendoza/internal/fuzz/fuzz.go:35.2,36.16 2 0
github.com/sanity-io/mendoza/internal/fuzz/fuzz.go:36.16,37.13 1 0
github.com/sanity-io/mendoza/internal/fuzz/fuzz.go:40.2,40.40 1 0
github.com/sanity-io/mendoza/internal/fuzz/fuzz.go:40.40,41.50 1 0
github.com/sanity-io/mendoza/internal/fuzz/fuzz.go:45.28,46.23 1 0
github.com/sanity-io/mendoza/internal/fuzz/fuzz.go:46.23,48.3 1 0
github.com/sanity-io/mendoza/internal/fuzz/fuzz.go:50.2,54.16 4 0
github.com/sanity-io/mendoza/internal/fuzz/fuzz.go:54.16,56.3 1 0
github.com/sanity-io/mendoza/internal/fuzz/fuzz.go:58.2,59.16 2 0
github.com/sanity-io/mendoza/internal/fuzz/fuzz.go:59.16,61.3 1 0
github.com/sanity-io/mendoza/internal/fuzz/fuzz.go:63.2,64.16 2 0
github.com/sanity-io/mendoza/internal/fuzz/fuzz.go:64.16,65.13 1 0
github.com/sanity-io/mendoza/internal/fuzz/fuzz.go:68.2,69.49 2 0
github.com/sanity-io/mendoza/internal/fuzz/fuzz.go:69.49,70.33 1 0
github.com/sanity-io/mendoza/internal/fuzz/fuzz.go:73.2,74.47 2 0
github.com/sanity-io/mendoza/internal/fuzz/fuzz.go:74.47,75.35 1 0
github.com/sanity-io/mendoza/internal/fuzz/fuzz.go:78.2,83.10 5 0
github.com/sanity-io/mendoza/internal/mendoza/hash_index.go:8.50,14.43 2 1
github.com/sanity-io/mendoza/internal/mendoza/hash_index.go:14.43,17.30 2 1
github.com/sanity-io/mendoza/internal/mendoza/hash_index.go:17.30,18.58 1 1
github.com/sanity-io/mendoza/internal/mendoza/hash_index.go:18.58,25.61 5 1
github.com/sanity-io/mendoza/internal/mendoza/hash_index.go:25.61,27.14 1 0
github.com/sanity-io/mendoza/internal/mendoza/hash_index.go:30.5,30.54 1 1
github.com/sanity-io/mendoza/internal/mendoza/hash_index.go:35.2,35.18 1 1
github.com/sanity-io/mendoza/internal/mendoza/hash_list.go:15.103,18.16 3 1
github.com/sanity-io/mendoza/internal/mendoza/hash_list.go:18.16,20.3 1 0
github.com/sanity-io/mendoza/internal/mendoza/hash_list.go:21.2,21.22 1 1
github.com/sanity-io/mendoza/internal/mendoza/hash_list.go:29.55,31.2 1 1
github.com/sanity-io/mendoza/internal/mendoza/hash_list.go:33.45,35.2 1 0
github.com/sanity-io/mendoza/internal/mendoza/hash_list.go:47.46,50.2 2 1
github.com/sanity-io/mendoza/internal/mendoza/hash_list.go:52.48,55.2 2 1
github.com/sanity-io/mendoza/internal/mendoza/hash_list.go:57.62,60.2 2 1
github.com/sanity-io/mendoza/internal/mendoza/hash_list.go:62.114,67.33 3 1
github.com/sanity-io/mendoza/internal/mendoza/hash_list.go:67.33,69.3 1 0
github.com/sanity-io/mendoza/internal/mendoza/hash_list.go:71.2,78.27 2 1
github.com/sanity-io/mendoza/internal/mendoza/hash_list.go:79.11,81.11 2 0
github.com/sanity-io/mendoza/internal/mendoza/hash_list.go:82.12,83.10 1 0
github.com/sanity-io/mendoza/internal/mendoza/hash_list.go:83.10,85.4 1 0
github.com/sanity-io/mendoza/internal/mendoza/hash_list.go:85.9,87.4 1 0
github.com/sanity-io/mendoza/internal/mendoza/hash_list.go:88.3,88.11 1 0
github.com/sanity-io/mendoza/internal/mendoza/hash_list.go:89.15,91.11 2 0
github.com/sanity-io/mendoza/internal/mendoza/hash_list.go:92.14,94.22 2 1
github.com/sanity-io/mendoza/internal/mendoza/hash_list.go:95.30,101.30 4 1
github.com/sanity-io/mendoza/internal/mendoza/hash_list.go:101.30,105.18 4 1
github.com/sanity-io/mendoza/internal/mendoza/hash_list.go:105.18,107.5 1 0
github.com/sanity-io/mendoza/internal/mendoza/hash_list.go:109.4,111.21 2 1
github.com/sanity-io/mendoza/internal/mendoza/hash_list.go:111.21,114.5 2 1
github.com/sanity-io/mendoza/internal/mendoza/hash_list.go:116.4,119.26 3 1
github.com/sanity-io/mendoza/internal/mendoza/hash_list.go:122.3,122.24 1 1
github.com/sanity-io/mendoza/internal/mendoza/hash_list.go:123.21,128.31 3 0
github.com/sanity-io/mendoza/internal/mendoza/hash_list.go:128.31,132.18 3 0
github.com/sanity-io/mendoza/internal/mendoza/hash_list.go:132.18,134.5 1 0
github.com/sanity-io/mendoza/internal/mendoza/hash_list.go:136.4,138.21 2 0
github.com/sanity-io/mendoza/internal/mendoza/hash_list.go:138.21,141.5 2 0
github.com/sanity-io/mendoza/internal/mendoza/hash_list.go:143.4,145.34 2 0
github.com/sanity-io/mendoza/internal/mendoza/hash_list.go:148.3,148.24 1 0
github.com/sanity-io/mendoza/internal/mendoza/hash_list.go:149.10,150.63 1 0
github.com/sanity-io/mendoza/internal/mendoza/hash_list.go:153.2,158.26 5 1
github.com/sanity-io/mendoza/internal/mendoza/hash_list.go:161.47,166.2 1 1
github.com/sanity-io/mendoza/internal/mendoza/hash_list.go:173.32,175.2 1 1
github.com/sanity-io/mendoza/internal/mendoza/hash_list.go:177.38,179.2 1 1
github.com/sanity-io/mendoza/internal/mendoza/hash_list.go:181.33,183.2 1 1
github.com/sanity-io/mendoza/internal/mendoza/hash_list.go:185.31,187.2 1 1
github.com/sanity-io/mendoza/internal/mendoza/hash_list.go:189.24,191.2 1 1
github.com/sanity-io/mendoza/internal/mendoza/hash_list.go:193.52,195.21 2 1
github.com/sanity-io/mendoza/internal/mendoza/hash_list.go:195.21,197.3 1 1
github.com/sanity-io/mendoza/internal/mendoza/hash_list.go:198.2,199.13 2 1
github.com/sanity-io/mendoza/internal/mendoza/hasher.go:16.32,17.26 1 1
github.com/sanity-io/mendoza/internal/mendoza/hasher.go:17.26,19.3 1 1
github.com/sanity-io/mendoza/internal/mendoza/hasher.go:22.29,23.22 1 1
github.com/sanity-io/mendoza/internal/mendoza/hasher.go:23.22,24.13 1 1
github.com/sanity-io/mendoza/internal/mendoza/hasher.go:24.13,26.4 1 1
github.com/sanity-io/mendoza/internal/mendoza/hasher.go:28.2,28.13 1 1
github.com/sanity-io/mendoza/internal/mendoza/hasher.go:51.31,57.2 3 1
github.com/sanity-io/mendoza/internal/mendoza/hasher.go:59.27,62.2 2 1
github.com/sanity-io/mendoza/internal/mendoza/hasher.go:72.32,76.2 3 1
github.com/sanity-io/mendoza/internal/mendoza/hasher.go:78.34,85.2 6 0
github.com/sanity-io/mendoza/internal/mendoza/hasher.go:87.29,89.2 1 1
github.com/sanity-io/mendoza/internal/mendoza/hasher.go:91.53,95.2 3 1
github.com/sanity-io/mendoza/internal/mendoza/hasher.go:97.43,99.2 1 0
github.com/sanity-io/mendoza/internal/sha256/sha256.go:60.50,62.13 2 0
github.com/sanity-io/mendoza/internal/sha256/sha256.go:62.13,64.3 1 0
github.com/sanity-io/mendoza/internal/sha256/sha256.go:64.8,66.3 1 0
github.com/sanity-io/mendoza/internal/sha256/sha256.go:67.2,78.15 12 0
github.com/sanity-io/mendoza/internal/sha256/sha256.go:81.50,82.137 1 0
github.com/sanity-io/mendoza/internal/sha256/sha256.go:82.137,84.3 1 0
github.com/sanity-io/mendoza/internal/sha256/sha256.go:85.2,85.29 1 0
github.com/sanity-io/mendoza/internal/sha256/sha256.go:85.29,87.3 1 0
github.com/sanity-io/mendoza/internal/sha256/sha256.go:88.2,100.12 13 0
github.com/sanity-io/mendoza/internal/sha256/sha256.go:103.46,107.2 3 0
github.com/sanity-io/mendoza/internal/sha256/sha256.go:109.46,113.2 3 0
github.com/sanity-io/mendoza/internal/sha256/sha256.go:115.47,120.2 3 0
github.com/sanity-io/mendoza/internal/sha256/sha256.go:122.47,126.2 3 0
github.com/sanity-io/mendoza/internal/sha256/sha256.go:128.26,129.14 1 1
github.com/sanity-io/mendoza/internal/sha256/sha256.go:129.14,138.3 8 1
github.com/sanity-io/mendoza/internal/sha256/sha256.go:138.8,147.3 8 0
github.com/sanity-io/mendoza/internal/sha256/sha256.go:148.2,149.11 2 1
github.com/sanity-io/mendoza/internal/sha256/sha256.go:156.20,160.2 3 1
github.com/sanity-io/mendoza/internal/sha256/sha256.go:163.25,168.2 4 0
github.com/sanity-io/mendoza/internal/sha256/sha256.go:170.29,171.14 1 0
github.com/sanity-io/mendoza/internal/sha256/sha256.go:171.14,173.3 1 0
github.com/sanity-io/mendoza/internal/sha256/sha256.go:174.2,174.16 1 0
github.com/sanity-io/mendoza/internal/sha256/sha256.go:177.34,177.54 1 0
github.com/sanity-io/mendoza/internal/sha256/sha256.go:179.54,182.14 3 1
github.com/sanity-io/mendoza/internal/sha256/sha256.go:182.14,185.20 3 1
github.com/sanity-io/mendoza/internal/sha256/sha256.go:185.20,188.4 2 1
github.com/sanity-io/mendoza/internal/sha256/sha256.go:189.3,189.12 1 1
github.com/sanity-io/mendoza/internal/sha256/sha256.go:191.2,191.21 1 1
github.com/sanity-io/mendoza/internal/sha256/sha256.go:191.21,195.3 3 0
github.com/sanity-io/mendoza/internal/sha256/sha256.go:196.2,196.16 1 1
github.com/sanity-io/mendoza/internal/sha256/sha256.go:196.16,198.3 1 1
github.com/sanity-io/mendoza/internal/sha256/sha256.go:199.2,199.8 1 1
github.com/sanity-io/mendoza/internal/sha256/sha256.go:202.40,207.2 3 0
github.com/sanity-io/mendoza/internal/sha256/sha256.go:209.40,214.17 4 1
github.com/sanity-io/mendoza/internal/sha256/sha256.go:214.17,216.3 1 1
github.com/sanity-io/mendoza/internal/sha256/sha256.go:216.8,218.3 1 0
github.com/sanity-io/mendoza/internal/sha256/sha256.go:221.2,225.15 4 1
github.com/sanity-io/mendoza/internal/sha256/sha256.go:225.15,226.21 1 0
github.com/sanity-io/mendoza/internal/sha256/sha256.go:229.2,236.15 6 1
github.com/sanity-io/mendoza/internal/sha256/sha256block.go:80.42,83.22 3 1
github.com/sanity-io/mendoza/internal/sha256/sha256block.go:83.22,86.27 1 1
github.com/sanity-io/mendoza/internal/sha256/sha256block.go:86.27,89.4 2 1
github.com/sanity-io/mendoza/internal/sha256/sha256block.go:90.3,90.28 1 1
github.com/sanity-io/mendoza/internal/sha256/sha256block.go:90.28,96.4 5 1
github.com/sanity-io/mendoza/internal/sha256/sha256block.go:98.3,100.27 2 1
github.com/sanity-io/mendoza/internal/sha256/sha256block.go:100.27,113.4 10 1
github.com/sanity-io/mendoza/internal/sha256/sha256block.go:115.3,124.16 9 1
github.com/sanity-io/mendoza/internal/sha256/sha256block.go:127.2,127.113 1 1
github.com/sanity-io/mendoza/internal/sha256/sha256block_arm64.go:14.35,15.24 1 1
github.com/sanity-io/mendoza/internal/sha256/sha256block_arm64.go:15.24,17.3 1 1
github.com/sanity-io/mendoza/internal/sha256/sha256block_arm64.go:17.8,20.3 2 0
github.com/sanity-io/mendoza/pkg/mendozamsgpack/impl.go:18.51,21.16 3 0
github.com/sanity-io/mendoza/pkg/mendozamsgpack/impl.go:21.16,23.3 1 0
github.com/sanity-io/mendoza/pkg/mendozamsgpack/impl.go:24.2,24.14 1 0
github.com/sanity-io/mendoza/pkg/mendozamsgpack/impl.go:24.14,26.3 1 0
github.com/sanity-io/mendoza/pkg/mendozamsgpack/impl.go:27.2,27.15 1 0
github.com/sanity-io/mendoza/pkg/mendozamsgpack/impl.go:31.52,34.16 3 0
github.com/sanity-io/mendoza/pkg/mendozamsgpack/impl.go:34.16,36.3 1 0
github.com/sanity-io/mendoza/pkg/mendozamsgpack/impl.go:37.2,37.36 1 0
github.com/sanity-io/mendoza/pkg/mendozamsgpack/impl.go:45.43,47.2 1 0
github.com/sanity-io/mendoza/pkg/mendozamsgpack/impl.go:49.40,51.2 1 0
github.com/sanity-io/mendoza/pkg/mendozamsgpack/impl.go:53.45,55.2 1 0
github.com/sanity-io/mendoza/pkg/mendozamsgpack/impl.go:57.49,59.2 1 0
github.com/sanity-io/mendoza/pkg/mendozamsgpack/impl.go:61.70,63.28 2 0
github.com/sanity-io/mendoza/pkg/mendozamsgpack/impl.go:63.28,65.17 2 0
github.com/sanity-io/mendoza/pkg/mendozamsgpack/impl.go:65.17,67.4 1 0
github.com/sanity-io/mendoza/pkg/mendozamsgpack/impl.go:70.2,70.12 1 0
github.com/sanity-io/mendoza/pkg/mendozamsgpack/impl.go:77.44,79.2 1 0
github.com/sanity-io/mendoza/pkg/mendozamsgpack/impl.go:81.41,84.2 2 0
github.com/sanity-io/mendoza/pkg/mendozamsgpack/impl.go:86.46,88.2 1 0
github.com/sanity-io/mendoza/pkg/mendozamsgpack/impl.go:90.50,93.16 3 0
github.com/sanity-io/mendoza/pkg/mendozamsgpack/impl.go:93.16,95.3 1 0
github.com/sanity-io/mendoza/pkg/mendozamsgpack/impl.go:96.2,96.20 1 0
github.com/sanity-io/mendoza/pkg/mendozamsgpack/impl.go:99.70,104.6 3 0
github.com/sanity-io/mendoza/pkg/mendozamsgpack/impl.go:104.6,106.20 2 0
github.com/sanity-io/mendoza/pkg/mendozamsgpack/impl.go:106.20,108.4 1 0
github.com/sanity-io/mendoza/pkg/mendozamsgpack/impl.go:109.3,109.17 1 0
github.com/sanity-io/mendoza/pkg/mendozamsgpack/impl.go:109.17,111.4 1 0
github.com/sanity-io/mendoza/pkg/mendozamsgpack/impl.go:112.3,112.30 1 0
github.com/sanity-io/mendoza/differ.go:18.58,20.2 1 1
github.com/sanity-io/mendoza/differ.go:26.71,28.2 1 0
github.com/sanity-io/mendoza/differ.go:31.77,32.17 1 1
github.com/sanity-io/mendoza/differ.go:32.17,33.19 1 0
github.com/sanity-io/mendoza/differ.go:33.19,35.4 1 0
github.com/sanity-io/mendoza/differ.go:36.3,36.37 1 0
github.com/sanity-io/mendoza/differ.go:39.2,40.16 2 1
github.com/sanity-io/mendoza/differ.go:40.16,42.3 1 0
github.com/sanity-io/mendoza/differ.go:43.2,44.16 2 1
github.com/sanity-io/mendoza/differ.go:44.16,46.3 1 0
github.com/sanity-io/mendoza/differ.go:48.2,54.28 3 1
github.com/sanity-io/mendoza/differ.go:59.90,60.33 1 0
github.com/sanity-io/mendoza/differ.go:60.33,62.3 1 0
github.com/sanity-io/mendoza/differ.go:64.2,64.17 1 0
github.com/sanity-io/mendoza/differ.go:64.17,66.3 1 0
github.com/sanity-io/mendoza/differ.go:68.2,68.18 1 0
github.com/sanity-io/mendoza/differ.go:68.18,70.3 1 0
github.com/sanity-io/mendoza/differ.go:72.2,73.16 2 0
github.com/sanity-io/mendoza/differ.go:73.16,75.3 1 0
github.com/sanity-io/mendoza/differ.go:76.2,77.16 2 0
github.com/sanity-io/mendoza/differ.go:77.16,79.3 1 0
github.com/sanity-io/mendoza/differ.go:81.2,96.53 5 0
github.com/sanity-io/mendoza/differ.go:130.32,133.41 2 1
github.com/sanity-io/mendoza/differ.go:133.41,136.3 1 0
github.com/sanity-io/mendoza/differ.go:138.2,150.22 4 1
github.com/sanity-io/mendoza/differ.go:150.22,152.3 1 0
github.com/sanity-io/mendoza/differ.go:154.2,154.18 1 1
github.com/sanity-io/mendoza/differ.go:165.69,166.21 1 1
github.com/sanity-io/mendoza/differ.go:166.21,170.3 3 1
github.com/sanity-io/mendoza/differ.go:173.55,174.20 1 1
github.com/sanity-io/mendoza/differ.go:174.20,176.3 1 1
github.com/sanity-io/mendoza/differ.go:178.2,180.27 2 1
github.com/sanity-io/mendoza/differ.go:180.27,183.3 2 1
github.com/sanity-io/mendoza/differ.go:185.2,185.29 1 1
github.com/sanity-io/mendoza/differ.go:185.29,188.3 2 0
github.com/sanity-io/mendoza/differ.go:190.2,190.49 1 1
github.com/sanity-io/mendoza/differ.go:190.49,193.3 2 1
github.com/sanity-io/mendoza/differ.go:196.52,197.14 1 1
github.com/sanity-io/mendoza/differ.go:197.14,200.3 2 0
github.com/sanity-io/mendoza/differ.go:202.2,207.33 4 1
github.com/sanity-io/mendoza/differ.go:207.33,209.3 1 1
github.com/sanity-io/mendoza/differ.go:209.8,211.3 1 0
github.com/sanity-io/mendoza/differ.go:213.2,213.29 1 1
github.com/sanity-io/mendoza/differ.go:216.51,217.14 1 1
github.com/sanity-io/mendoza/differ.go:217.14,220.3 1 1
github.com/sanity-io/mendoza/differ.go:222.2,227.33 4 0
github.com/sanity-io/mendoza/differ.go:227.33,229.3 1 0
github.com/sanity-io/mendoza/differ.go:229.8,231.3 1 0
github.com/sanity-io/mendoza/differ.go:233.2,233.29 1 0
github.com/sanity-io/mendoza/differ.go:271.62,276.2 4 1
github.com/sanity-io/mendoza/differ.go:278.99,283.30 3 1
github.com/sanity-io/mendoza/differ.go:283.30,289.3 2 1
github.com/sanity-io/mendoza/differ.go:291.2,291.15 1 0
github.com/sanity-io/mendoza/differ.go:291.15,292.22 1 0
github.com/sanity-io/mendoza/differ.go:292.22,295.4 1 0
github.com/sanity-io/mendoza/differ.go:297.3,297.38 1 0
github.com/sanity-io/mendoza/differ.go:297.38,300.4 1 0
github.com/sanity-io/mendoza/differ.go:303.2,306.3 1 0
github.com/sanity-io/mendoza/differ.go:309.69,312.2 2 0
github.com/sanity-io/mendoza/differ.go:314.95,316.2 1 0
github.com/sanity-io/mendoza/differ.go:318.58,341.27 3 1
github.com/sanity-io/mendoza/differ.go:341.27,342.54 1 1
github.com/sanity-io/mendoza/differ.go:342.54,343.12 1 0
github.com/sanity-io/mendoza/differ.go:346.3,348.40 3 1
github.com/sanity-io/mendoza/differ.go:351.2,354.55 2 1
github.com/sanity-io/mendoza/differ.go:354.55,360.57 4 1
github.com/sanity-io/mendoza/differ.go:360.57,363.29 2 0
github.com/sanity-io/mendoza/differ.go:363.29,364.74 1 0
github.com/sanity-io/mendoza/differ.go:364.74,368.6 3 0
github.com/sanity-io/mendoza/differ.go:373.2,373.55 1 1
github.com/sanity-io/mendoza/differ.go:373.55,377.62 3 1
github.com/sanity-io/mendoza/differ.go:377.62,380.36 2 1
github.com/sanity-io/mendoza/differ.go:380.36,382.45 2 1
github.com/sanity-io/mendoza/differ.go:382.45,384.6 1 1
github.com/sanity-io/mendoza/differ.go:390.2,390.34 1 1
github.com/sanity-io/mendoza/differ.go:390.34,394.56 3 1
github.com/sanity-io/mendoza/differ.go:394.56,400.42 4 1
github.com/sanity-io/mendoza/differ.go:400.42,401.31 1 1
github.com/sanity-io/mendoza/differ.go:401.31,404.24 2 1
github.com/sanity-io/mendoza/differ.go:404.24,405.12 1 0
github.com/sanity-io/mendoza/differ.go:408.6,408.25 1 1
github.com/sanity-io/mendoza/differ.go:408.25,416.12 4 1
github.com/sanity-io/mendoza/differ.go:419.6,419.24 1 1
github.com/sanity-io/mendoza/differ.go:422.4,422.7 1 1
github.com/sanity-io/mendoza/differ.go:426.2,426.55 1 1
github.com/sanity-io/mendoza/differ.go:426.55,428.3 1 1
github.com/sanity-io/mendoza/differ.go:430.2,430.34 1 1
github.com/sanity-io/mendoza/differ.go:430.34,438.62 5 1
github.com/sanity-io/mendoza/differ.go:438.62,440.43 2 1
github.com/sanity-io/mendoza/differ.go:440.44,442.5 0 1
github.com/sanity-io/mendoza/differ.go:442.10,444.5 1 0
github.com/sanity-io/mendoza/differ.go:447.3,452.31 4 1
github.com/sanity-io/mendoza/differ.go:452.31,457.4 1 1
github.com/sanity-io/mendoza/differ.go:459.3,459.13 1 1
github.com/sanity-io/mendoza/differ.go:459.13,461.4 1 1
github.com/sanity-io/mendoza/differ.go:461.9,463.4 1 0
github.com/sanity-io/mendoza/differ.go:465.3,467.13 2 1
github.com/sanity-io/mendoza/differ.go:467.13,469.41 1 1
github.com/sanity-io/mendoza/differ.go:469.41,472.5 2 0
github.com/sanity-io/mendoza/differ.go:475.3,475.56 1 1
github.com/sanity-io/mendoza/differ.go:475.56,479.45 3 1
github.com/sanity-io/mendoza/differ.go:479.45,480.22 1 1
github.com/sanity-io/mendoza/differ.go:480.22,481.17 1 1
github.com/sanity-io/mendoza/differ.go:481.17,485.7 2 0
github.com/sanity-io/mendoza/differ.go:486.11,492.6 2 0
github.com/sanity-io/mendoza/differ.go:493.10,497.72 2 1
github.com/sanity-io/mendoza/differ.go:497.72,498.48 1 1
github.com/sanity-io/mendoza/differ.go:498.48,500.32 1 1
github.com/sanity-io/mendoza/differ.go:500.32,504.42 3 0
github.com/sanity-io/mendoza/differ.go:504.42,507.9 2 0
github.com/sanity-io/mendoza/differ.go:507.14,510.9 2 0
github.com/sanity-io/mendoza/differ.go:511.8,511.23 1 0
github.com/sanity-io/mendoza/differ.go:514.7,514.12 1 1
github.com/sanity-io/mendoza/differ.go:518.5,518.18 1 1
github.com/sanity-io/mendoza/differ.go:518.18,524.6 2 1
github.com/sanity-io/mendoza/differ.go:528.3,529.68 2 1
github.com/sanity-io/mendoza/differ.go:549.64,553.2 3 0
github.com/sanity-io/mendoza/differ.go:555.101,561.34 2 0
github.com/sanity-io/mendoza/differ.go:561.34,564.3 1 0
github.com/sanity-io/mendoza/differ.go:566.2,566.60 1 0
github.com/sanity-io/mendoza/differ.go:566.60,567.46 1 0
github.com/sanity-io/mendoza/differ.go:567.46,576.4 4 0
github.com/sanity-io/mendoza/differ.go:578.3,578.44 1 0
github.com/sanity-io/mendoza/differ.go:578.44,581.10 1 0
github.com/sanity-io/mendoza/differ.go:581.10,585.5 1 0
github.com/sanity-io/mendoza/differ.go:589.2,589.45 1 0
github.com/sanity-io/mendoza/differ.go:589.45,592.3 1 0
github.com/sanity-io/mendoza/differ.go:594.2,597.3 1 0
github.com/sanity-io/mendoza/differ.go:600.60,606.27 3 0
github.com/sanity-io/mendoza/differ.go:606.27,607.56 1 0
github.com/sanity-io/mendoza/differ.go:607.56,608.12 1 0
github.com/sanity-io/mendoza/differ.go:611.3,613.40 3 0
github.com/sanity-io/mendoza/differ.go:616.2,616.55 1 0
github.com/sanity-io/mendoza/differ.go:616.55,620.64 3 0
github.com/sanity-io/mendoza/differ.go:620.64,623.36 2 0
github.com/sanity-io/mendoza/differ.go:623.36,625.45 2 0
github.com/sanity-io/mendoza/differ.go:625.45,627.6 1 0
github.com/sanity-io/mendoza/differ.go:633.2,633.34 1 0
github.com/sanity-io/mendoza/differ.go:633.34,637.56 3 0
github.com/sanity-io/mendoza/differ.go:637.56,638.28 1 0
github.com/sanity-io/mendoza/differ.go:638.28,639.10 1 0
github.com/sanity-io/mendoza/differ.go:642.4,644.62 2 0
github.com/sanity-io/mendoza/differ.go:644.62,653.5 3 0
github.com/sanity-io/mendoza/differ.go:655.4,656.22 2 0
github.com/sanity-io/mendoza/differ.go:660.2,660.55 1 0
github.com/sanity-io/mendoza/differ.go:660.55,662.3 1 0
github.com/sanity-io/mendoza/differ.go:664.2,664.34 1 0
github.com/sanity-io/mendoza/differ.go:664.34,674.56 7 0
github.com/sanity-io/mendoza/differ.go:674.56,678.40 3 0
github.com/sanity-io/mendoza/differ.go:678.40,679.25 1 0
github.com/sanity-io/mendoza/differ.go:679.25,681.6 1 0
github.com/sanity-io/mendoza/differ.go:683.5,683.29 1 0
github.com/sanity-io/mendoza/differ.go:683.30,685.6 0 0
github.com/sanity-io/mendoza/differ.go:685.11,689.6 3 0
github.com/sanity-io/mendoza/differ.go:690.10,693.53 2 0
github.com/sanity-io/mendoza/differ.go:693.53,694.45 1 0
github.com/sanity-io/mendoza/differ.go:694.45,695.34 1 0
github.com/sanity-io/mendoza/differ.go:695.34,702.8 5 0
github.com/sanity-io/mendoza/differ.go:704.7,704.12 1 0
github.com/sanity-io/mendoza/differ.go:708.5,708.18 1 0
github.com/sanity-io/mendoza/differ.go:708.18,711.6 2 0
github.com/sanity-io/mendoza/differ.go:715.3,716.68 2 0
github.com/sanity-io/mendoza/differ.go:723.36,725.31 2 1
github.com/sanity-io/mendoza/differ.go:725.31,728.15 3 1
github.com/sanity-io/mendoza/differ.go:728.15,729.9 1 1
github.com/sanity-io/mendoza/differ.go:731.3,731.12 1 0
github.com/sanity-io/mendoza/differ.go:733.2,733.10 1 1
github.com/sanity-io/mendoza/differ.go:736.48,738.45 2 1
github.com/sanity-io/mendoza/differ.go:738.45,742.15 3 1
github.com/sanity-io/mendoza/differ.go:742.15,743.9 1 1
github.com/sanity-io/mendoza/differ.go:746.3,746.12 1 0
github.com/sanity-io/mendoza/differ.go:748.2,748.10 1 1
github.com/sanity-io/mendoza/differ.go:751.81,752.32 1 1
github.com/sanity-io/mendoza/differ.go:752.32,756.10 3 1
github.com/sanity-io/mendoza/differ.go:756.10,757.12 1 0
github.com/sanity-io/mendoza/differ.go:760.3,760.32 1 1
github.com/sanity-io/mendoza/differ.go:760.32,761.49 1 0
github.com/sanity-io/mendoza/differ.go:764.3,772.17 6 1
github.com/sanity-io/mendoza/differ.go:772.17,775.4 2 0
github.com/sanity-io/mendoza/differ.go:777.3,780.19 3 1
github.com/sanity-io/mendoza/differ.go:780.19,783.4 2 1
github.com/sanity-io/mendoza/differ.go:785.3,785.17 1 1
github.com/sanity-io/mendoza/differ.go:785.17,788.4 2 0
github.com/sanity-io/mendoza/differ.go:790.3,791.72 2 1
github.com/sanity-io/mendoza/format.go:66.37,68.16 2 0
github.com/sanity-io/mendoza/format.go:68.16,70.3 1 0
github.com/sanity-io/mendoza/format.go:72.2,73.14 2 0
github.com/sanity-io/mendoza/format.go:74.17,75.18 1 0
github.com/sanity-io/mendoza/format.go:76.16,77.17 1 0
github.com/sanity-io/mendoza/format.go:78.17,79.18 1 0
github.com/sanity-io/mendoza/format.go:80.27,81.28 1 0
github.com/sanity-io/mendoza/format.go:82.28,83.29 1 0
github.com/sanity-io/mendoza/format.go:84.35,85.36 1 0
github.com/sanity-io/mendoza/format.go:86.21,87.22 1 0
github.com/sanity-io/mendoza/format.go:88.23,89.24 1 0
github.com/sanity-io/mendoza/format.go:90.22,91.23 1 0
github.com/sanity-io/mendoza/format.go:92.15,93.16 1 0
github.com/sanity-io/mendoza/format.go:94.25,95.26 1 0
github.com/sanity-io/mendoza/format.go:96.26,97.27 1 0
github.com/sanity-io/mendoza/format.go:98.27,99.28 1 0
github.com/sanity-io/mendoza/format.go:100.28,101.29 1 0
github.com/sanity-io/mendoza/format.go:102.31,103.32 1 0
github.com/sanity-io/mendoza/format.go:104.38,105.39 1 0
github.com/sanity-io/mendoza/format.go:106.30,107.31 1 0
github.com/sanity-io/mendoza/format.go:108.31,109.32 1 0
github.com/sanity-io/mendoza/format.go:110.27,111.28 1 0
github.com/sanity-io/mendoza/format.go:112.29,113.30 1 0
github.com/sanity-io/mendoza/format.go:114.28,115.29 1 0
github.com/sanity-io/mendoza/format.go:116.28,117.29 1 0
github.com/sanity-io/mendoza/format.go:118.30,119.31 1 0
github.com/sanity-io/mendoza/format.go:120.29,121.30 1 0
github.com/sanity-io/mendoza/format.go:122.10,123.53 1 0
github.com/sanity-io/mendoza/format.go:126.2,127.16 2 0
github.com/sanity-io/mendoza/format.go:127.16,129.3 1 0
github.com/sanity-io/mendoza/format.go:130.2,130.16 1 0
github.com/sanity-io/mendoza/format.go:134.37,137.19 2 1
github.com/sanity-io/mendoza/format.go:138.16,139.19 1 0
github.com/sanity-io/mendoza/format.go:140.15,141.18 1 0
github.com/sanity-io/mendoza/format.go:142.16,143.19 1 0
github.com/sanity-io/mendoza/format.go:144.26,145.29 1 0
github.com/sanity-io/mendoza/format.go:146.27,147.30 1 0
github.com/sanity-io/mendoza/format.go:148.34,149.37 1 0
github.com/sanity-io/mendoza/format.go:150.20,151.23 1 0
github.com/sanity-io/mendoza/format.go:152.22,153.25 1 0
github.com/sanity-io/mendoza/format.go:154.21,155.24 1 0
github.com/sanity-io/mendoza/format.go:156.14,157.17 1 0
github.com/sanity-io/mendoza/format.go:158.24,159.27 1 0
github.com/sanity-io/mendoza/format.go:160.25,161.28 1 0
github.com/sanity-io/mendoza/format.go:162.26,163.29 1 0
github.com/sanity-io/mendoza/format.go:164.27,165.30 1 0
github.com/sanity-io/mendoza/format.go:166.30,167.33 1 0
github.com/sanity-io/mendoza/format.go:168.37,169.40 1 0
github.com/sanity-io/mendoza/format.go:170.29,171.32 1 0
github.com/sanity-io/mendoza/format.go:172.30,173.33 1 1
github.com/sanity-io/mendoza/format.go:174.26,175.29 1 0
github.com/sanity-io/mendoza/format.go:176.28,177.31 1 0
github.com/sanity-io/mendoza/format.go:178.27,179.30 1 0
github.com/sanity-io/mendoza/format.go:180.27,181.30 1 0
github.com/sanity-io/mendoza/format.go:182.29,183.32 1 0
github.com/sanity-io/mendoza/format.go:184.28,185.31 1 0
github.com/sanity-io/mendoza/format.go:188.2,189.16 2 1
github.com/sanity-io/mendoza/format.go:189.16,191.3 1 0
github.com/sanity-io/mendoza/format.go:193.2,194.16 2 1
github.com/sanity-io/mendoza/format.go:194.16,196.3 1 0
github.com/sanity-io/mendoza/format.go:198.2,198.12 1 1
github.com/sanity-io/mendoza/format.go:202.44,203.27 1 1
github.com/sanity-io/mendoza/format.go:203.27,205.17 2 1
github.com/sanity-io/mendoza/format.go:205.17,207.4 1 0
github.com/sanity-io/mendoza/format.go:210.2,210.12 1 1
github.com/sanity-io/mendoza/format.go:213.46,216.6 2 0
github.com/sanity-io/mendoza/format.go:216.6,218.20 2 0
github.com/sanity-io/mendoza/format.go:218.20,219.9 1 0
github.com/sanity-io/mendoza/format.go:222.3,222.17 1 0
github.com/sanity-io/mendoza/format.go:222.17,224.4 1 0
github.com/sanity-io/mendoza/format.go:226.3,226.30 1 0
github.com/sanity-io/mendoza/format.go:229.2,229.12 1 0
github.com/sanity-io/mendoza/format.go:232.61,234.16 2 0
github.com/sanity-io/mendoza/format.go:234.16,236.3 1 0
github.com/sanity-io/mendoza/format.go:238.2,238.16 1 0
github.com/sanity-io/mendoza/format.go:238.16,240.3 1 0
github.com/sanity-io/mendoza/format.go:242.2,242.24 1 0
github.com/sanity-io/mendoza/format.go:245.58,247.16 2 0
github.com/sanity-io/mendoza/format.go:247.16,249.3 1 0
github.com/sanity-io/mendoza/format.go:253.2,253.27 1 0
github.com/sanity-io/mendoza/format.go:254.15,256.19 2 0
github.com/sanity-io/mendoza/format.go:256.19,258.4 1 0
github.com/sanity-io/mendoza/format.go:259.3,259.17 1 0
github.com/sanity-io/mendoza/format.go:259.17,261.4 1 0
github.com/sanity-io/mendoza/format.go:262.3,262.26 1 0
github.com/sanity-io/mendoza/format.go:263.11,264.14 1 0
github.com/sanity-io/mendoza/format.go:264.14,266.4 1 0
github.com/sanity-io/mendoza/format.go:267.3,267.18 1 0
github.com/sanity-io/mendoza/format.go:268.10,269.50 1 0
github.com/sanity-io/mendoza/format.go:273.63,275.16 2 0
github.com/sanity-io/mendoza/format.go:275.16,277.3 1 0
github.com/sanity-io/mendoza/format.go:279.2,280.9 2 0
github.com/sanity-io/mendoza/format.go:280.9,282.3 1 0
github.com/sanity-io/mendoza/format.go:284.2,284.17 1 0
github.com/sanity-io/mendoza/format.go:289.53,292.2 2 0
github.com/sanity-io/mendoza/format.go:294.54,297.2 2 1
github.com/sanity-io/mendoza/format.go:299.52,301.2 1 0
github.com/sanity-io/mendoza/format.go:303.53,305.2 1 0
github.com/sanity-io/mendoza/format.go:307.53,309.2 1 0
github.com/sanity-io/mendoza/format.go:311.54,313.2 1 0
github.com/sanity-io/mendoza/format.go:315.64,318.2 2 0
github.com/sanity-io/mendoza/format.go:320.65,323.2 2 1
github.com/sanity-io/mendoza/format.go:325.71,327.2 1 0
github.com/sanity-io/mendoza/format.go:329.72,331.2 1 0
github.com/sanity-io/mendoza/format.go:333.63,335.2 1 0
github.com/sanity-io/mendoza/format.go:337.64,339.2 1 0
github.com/sanity-io/mendoza/format.go:341.57,344.2 2 0
github.com/sanity-io/mendoza/format.go:346.58,349.2 2 0
github.com/sanity-io/mendoza/format.go:351.59,354.2 2 0
github.com/sanity-io/mendoza/format.go:356.60,359.2 2 0
github.com/sanity-io/mendoza/format.go:361.58,364.2 2 0
github.com/sanity-io/mendoza/format.go:366.59,369.2 2 0
github.com/sanity-io/mendoza/format.go:371.51,373.2 1 0
github.com/sanity-io/mendoza/format.go:375.52,377.2 1 0
github.com/sanity-io/mendoza/format.go:381.61,384.2 2 0
github.com/sanity-io/mendoza/format.go:386.62,389.2 2 0
github.com/sanity-io/mendoza/format.go:391.62,394.2 2 0
github.com/sanity-io/mendoza/format.go:396.63,399.2 2 0
github.com/sanity-io/mendoza/format.go:401.63,404.2 2 0
github.com/sanity-io/mendoza/format.go:406.64,409.2 2 0
github.com/sanity-io/mendoza/format.go:411.64,414.2 2 0
github.com/sanity-io/mendoza/format.go:416.65,419.2 2 0
github.com/sanity-io/mendoza/format.go:421.67,424.2 2 0
github.com/sanity-io/mendoza/format.go:426.68,429.2 2 0
github.com/sanity-io/mendoza/format.go:431.74,433.2 1 0
github.com/sanity-io/mendoza/format.go:435.75,437.2 1 0
github.com/sanity-io/mendoza/format.go:439.66,442.2 2 0
github.com/sanity-io/mendoza/format.go:444.67,447.2 2 0
github.com/sanity-io/mendoza/format.go:449.67,451.16 2 0
github.com/sanity-io/mendoza/format.go:451.16,453.3 1 0
github.com/sanity-io/mendoza/format.go:454.2,455.8 2 0
github.com/sanity-io/mendoza/format.go:458.68,460.16 2 1
github.com/sanity-io/mendoza/format.go:460.16,462.3 1 0
github.com/sanity-io/mendoza/format.go:463.2,464.8 2 1
github.com/sanity-io/mendoza/format.go:467.63,469.16 2 0
github.com/sanity-io/mendoza/format.go:469.16,471.3 1 0
github.com/sanity-io/mendoza/format.go:472.2,472.8 1 0
github.com/sanity-io/mendoza/format.go:475.64,477.16 2 0
github.com/sanity-io/mendoza/format.go:477.16,479.3 1 0
github.com/sanity-io/mendoza/format.go:480.2,480.8 1 0
github.com/sanity-io/mendoza/format.go:483.65,486.2 2 0
github.com/sanity-io/mendoza/format.go:488.66,491.2 2 0
github.com/sanity-io/mendoza/format.go:493.64,496.2 2 0
github.com/sanity-io/mendoza/format.go:498.65,501.2 2 0
github.com/sanity-io/mendoza/format.go:503.64,505.16 2 0
github.com/sanity-io/mendoza/format.go:505.16,507.3 1 0
github.com/sanity-io/mendoza/format.go:508.2,509.8 2 0
github.com/sanity-io/mendoza/format.go:512.65,514.16 2 0
github.com/sanity-io/mendoza/format.go:514.16,516.3 1 0
github.com/sanity-io/mendoza/format.go:517.2,518.8 2 0
github.com/sanity-io/mendoza/format.go:521.66,524.2 2 0
github.com/sanity-io/mendoza/format.go:526.67,529.2 2 0
github.com/sanity-io/mendoza/format.go:531.65,533.16 2 0
github.com/sanity-io/mendoza/format.go:533.16,535.3 1 0
github.com/sanity-io/mendoza/format.go:536.2,537.8 2 0
github.com/sanity-io/mendoza/format.go:540.66,542.16 2 0
github.com/sanity-io/mendoza/format.go:542.16,544.3 1 0
github.com/sanity-io/mendoza/format.go:545.2,546.8 2 0
github.com/sanity-io/mendoza/json.go:15.48,17.2 1 1
github.com/sanity-io/mendoza/json.go:19.45,21.2 1 0
github.com/sanity-io/mendoza/json.go:23.50,25.2 1 1
github.com/sanity-io/mendoza/json.go:27.54,30.16 3 1
github.com/sanity-io/mendoza/json.go:30.16,32.3 1 0
github.com/sanity-io/mendoza/json.go:33.2,34.12 2 1
github.com/sanity-io/mendoza/json.go:37.29,38.24 1 1
github.com/sanity-io/mendoza/json.go:38.24,40.3 1 1
github.com/sanity-io/mendoza/json.go:40.8,42.3 1 1
github.com/sanity-io/mendoza/json.go:45.40,46.24 1 1
github.com/sanity-io/mendoza/json.go:46.24,48.3 1 0
github.com/sanity-io/mendoza/json.go:50.2,51.17 2 1
github.com/sanity-io/mendoza/json.go:58.37,59.19 1 0
github.com/sanity-io/mendoza/json.go:59.19,61.17 2 0
github.com/sanity-io/mendoza/json.go:61.17,63.4 1 0
github.com/sanity-io/mendoza/json.go:64.3,64.27 1 0
github.com/sanity-io/mendoza/json.go:64.27,66.4 1 0
github.com/sanity-io/mendoza/json.go:68.3,68.16 1 0
github.com/sanity-io/mendoza/json.go:71.2,71.12 1 0
github.com/sanity-io/mendoza/json.go:74.49,76.2 1 0
github.com/sanity-io/mendoza/json.go:78.46,80.2 1 0
github.com/sanity-io/mendoza/json.go:82.51,84.2 1 0
github.com/sanity-io/mendoza/json.go:86.55,88.16 2 0
github.com/sanity-io/mendoza/json.go:88.16,90.3 1 0
github.com/sanity-io/mendoza/json.go:91.2,93.16 3 0
github.com/sanity-io/mendoza/json.go:93.16,95.3 1 0
github.com/sanity-io/mendoza/json.go:96.2,96.17 1 0
github.com/sanity-io/mendoza/json.go:99.42,101.16 2 0
github.com/sanity-io/mendoza/json.go:101.16,103.3 1 0
github.com/sanity-io/mendoza/json.go:105.2,105.26 1 0
github.com/sanity-io/mendoza/json.go:105.26,107.3 1 0
github.com/sanity-io/mendoza/json.go:109.2,109.12 1 0
github.com/sanity-io/mendoza/json.go:117.54,119.2 1 0
github.com/sanity-io/mendoza/json.go:121.51,123.2 1 0
github.com/sanity-io/mendoza/json.go:125.56,127.2 1 0
github.com/sanity-io/mendoza/json.go:129.60,130.26 1 0
github.com/sanity-io/mendoza/json.go:130.26,132.3 1 0
github.com/sanity-io/mendoza/json.go:133.2,135.25 3 0
github.com/sanity-io/mendoza/json.go:138.50,141.16 3 1
github.com/sanity-io/mendoza/json.go:141.16,143.3 1 0
github.com/sanity-io/mendoza/json.go:144.2,144.26 1 1
github.com/sanity-io/mendoza/json.go:147.54,153.16 3 0
github.com/sanity-io/mendoza/json.go:153.16,155.3 1 0
github.com/sanity-io/mendoza/json.go:157.2,157.27 1 0
github.com/sanity-io/mendoza/json.go:161.58,164.2 2 0
github.com/sanity-io/mendoza/options.go:14.97,17.2 2 0
github.com/sanity-io/mendoza/patcher.go:36.74,38.2 1 0
github.com/sanity-io/mendoza/patcher.go:44.60,46.2 1 0
github.com/sanity-io/mendoza/patcher.go:50.93,51.21 1 0
github.com/sanity-io/mendoza/patcher.go:51.21,53.3 1 0
github.com/sanity-io/mendoza/patcher.go:55.2,55.32 1 0
github.com/sanity-io/mendoza/patcher.go:55.32,57.3 1 0
github.com/sanity-io/mendoza/patcher.go:59.2,65.27 2 0
github.com/sanity-io/mendoza/patcher.go:65.27,66.40 1 0
github.com/sanity-io/mendoza/patcher.go:66.40,68.4 1 0
github.com/sanity-io/mendoza/patcher.go:71.2,71.24 1 0
github.com/sanity-io/mendoza/patcher.go:76.79,78.16 2 0
github.com/sanity-io/mendoza/patcher.go:78.16,79.13 1 0
github.com/sanity-io/mendoza/patcher.go:81.2,81.15 1 0
github.com/sanity-io/mendoza/patcher.go:84.36,86.2 1 0
github.com/sanity-io/mendoza/patcher.go:88.37,90.2 1 0
github.com/sanity-io/mendoza/patcher.go:92.50,93.34 1 0
github.com/sanity-io/mendoza/patcher.go:93.35,95.3 0 0
github.com/sanity-io/mendoza/patcher.go:97.2,97.55 1 0
github.com/sanity-io/mendoza/patcher.go:100.52,102.2 1 0
github.com/sanity-io/mendoza/patcher.go:104.48,105.33 1 0
github.com/sanity-io/mendoza/patcher.go:105.33,107.3 1 0
github.com/sanity-io/mendoza/patcher.go:109.2,109.32 1 0
github.com/sanity-io/mendoza/patcher.go:109.32,111.3 1 0
github.com/sanity-io/mendoza/patcher.go:113.2,113.35 1 0
github.com/sanity-io/mendoza/patcher.go:113.35,115.3 1 0
github.com/sanity-io/mendoza/patcher.go:117.2,117.21 1 0
github.com/sanity-io/mendoza/patcher.go:120.64,121.25 1 0
github.com/sanity-io/mendoza/patcher.go:121.25,123.10 2 0
github.com/sanity-io/mendoza/patcher.go:123.10,125.4 1 0
github.com/sanity-io/mendoza/patcher.go:126.3,128.24 3 0
github.com/sanity-io/mendoza/patcher.go:128.24,130.4 1 0
github.com/sanity-io/mendoza/patcher.go:131.3,132.28 2 0
github.com/sanity-io/mendoza/patcher.go:132.28,138.4 2 0
github.com/sanity-io/mendoza/patcher.go:139.3,139.24 1 0
github.com/sanity-io/mendoza/patcher.go:142.2,142.41 1 0
github.com/sanity-io/mendoza/patcher.go:142.41,144.3 1 0
github.com/sanity-io/mendoza/patcher.go:146.2,146.31 1 0
github.com/sanity-io/mendoza/patcher.go:149.71,151.9 2 0
github.com/sanity-io/mendoza/patcher.go:151.9,153.3 1 0
github.com/sanity-io/mendoza/patcher.go:154.2,154.17 1 0
github.com/sanity-io/mendoza/patcher.go:157.61,159.9 2 0
github.com/sanity-io/mendoza/patcher.go:159.9,161.3 1 0
github.com/sanity-io/mendoza/patcher.go:162.2,162.17 1 0
github.com/sanity-io/mendoza/patcher.go:165.55,167.9 2 0
github.com/sanity-io/mendoza/patcher.go:167.9,169.3 1 0
github.com/sanity-io/mendoza/patcher.go:170.2,170.17 1 0
github.com/sanity-io/mendoza/patcher.go:173.46,176.2 2 0
github.com/sanity-io/mendoza/patcher.go:178.72,181.33 2 0
github.com/sanity-io/mendoza/patcher.go:181.33,182.26 1 0
github.com/sanity-io/mendoza/patcher.go:182.26,184.4 1 0
github.com/sanity-io/mendoza/patcher.go:184.9,186.11 2 0
github.com/sanity-io/mendoza/patcher.go:186.11,188.5 1 0
github.com/sanity-io/mendoza/patcher.go:189.4,191.26 2 0
github.com/sanity-io/mendoza/patcher.go:191.26,193.5 1 0
github.com/sanity-io/mendoza/patcher.go:194.4,194.30 1 0
github.com/sanity-io/mendoza/patcher.go:198.2,198.34 1 0
github.com/sanity-io/mendoza/patcher.go:201.63,204.25 2 0
github.com/sanity-io/mendoza/patcher.go:204.25,206.10 2 0
github.com/sanity-io/mendoza/patcher.go:206.10,208.4 1 0
github.com/sanity-io/mendoza/patcher.go:209.3,211.21 3 0
github.com/sanity-io/mendoza/patcher.go:214.2,214.34 1 0
github.com/sanity-io/mendoza/patcher.go:217.57,220.25 2 0
github.com/sanity-io/mendoza/patcher.go:220.25,222.10 2 0
github.com/sanity-io/mendoza/patcher.go:222.10,224.4 1 0
github.com/sanity-io/mendoza/patcher.go:225.3,226.21 2 0
github.com/sanity-io/mendoza/patcher.go:229.2,229.35 1 0
github.com/sanity-io/mendoza/patcher.go:232.45,237.2 2 0
github.com/sanity-io/mendoza/patcher.go:239.44,245.2 3 0
github.com/sanity-io/mendoza/patcher.go:247.45,252.2 2 0
github.com/sanity-io/mendoza/patcher.go:254.56,258.16 4 0
github.com/sanity-io/mendoza/patcher.go:258.16,260.3 1 0
github.com/sanity-io/mendoza/patcher.go:261.2,262.12 2 0
github.com/sanity-io/mendoza/patcher.go:265.63,270.16 5 0
github.com/sanity-io/mendoza/patcher.go:270.16,272.3 1 0
github.com/sanity-io/mendoza/patcher.go:273.2,274.12 2 0
github.com/sanity-io/mendoza/patcher.go:277.55,281.16 4 0
github.com/sanity-io/mendoza/patcher.go:281.16,283.3 1 0
github.com/sanity-io/mendoza/patcher.go:284.2,285.12 2 0
github.com/sanity-io/mendoza/patcher.go:288.49,290.16 2 0
github.com/sanity-io/mendoza/patcher.go:290.16,292.3 1 0
github.com/sanity-io/mendoza/patcher.go:293.2,294.34 2 0
github.com/sanity-io/mendoza/patcher.go:294.34,296.3 1 0
github.com/sanity-io/mendoza/patcher.go:297.2,301.12 2 0
github.com/sanity-io/mendoza/patcher.go:304.51,306.16 2 0
github.com/sanity-io/mendoza/patcher.go:306.16,308.3 1 0
github.com/sanity-io/mendoza/patcher.go:309.2,309.42 1 0
github.com/sanity-io/mendoza/patcher.go:309.42,311.3 1 0
github.com/sanity-io/mendoza/patcher.go:312.2,313.34 2 0
github.com/sanity-io/mendoza/patcher.go:313.34,315.3 1 0
github.com/sanity-io/mendoza/patcher.go:316.2,319.12 2 0
github.com/sanity-io/mendoza/patcher.go:322.50,324.41 2 0
github.com/sanity-io/mendoza/patcher.go:324.41,326.3 1 0
github.com/sanity-io/mendoza/patcher.go:327.2,329.12 3 0
github.com/sanity-io/mendoza/patcher.go:332.43,335.2 2 0
github.com/sanity-io/mendoza/patcher.go:337.53,338.50 1 0
github.com/sanity-io/mendoza/patcher.go:338.50,340.3 1 0
github.com/sanity-io/mendoza/patcher.go:341.2,341.29 1 0
github.com/sanity-io/mendoza/patcher.go:344.54,345.50 1 0
github.com/sanity-io/mendoza/patcher.go:345.50,347.3 1 0
github.com/sanity-io/mendoza/patcher.go:348.2,348.30 1 0
github.com/sanity-io/mendoza/patcher.go:351.55,352.52 1 0
github.com/sanity-io/mendoza/patcher.go:352.52,354.3 1 0
github.com/sanity-io/mendoza/patcher.go:355.2,355.29 1 0
github.com/sanity-io/mendoza/patcher.go:358.56,359.52 1 0
github.com/sanity-io/mendoza/patcher.go:359.52,361.3 1 0
github.com/sanity-io/mendoza/patcher.go:362.2,362.30 1 0
github.com/sanity-io/mendoza/patcher.go:365.59,366.57 1 0
github.com/sanity-io/mendoza/patcher.go:366.57,368.3 1 0
github.com/sanity-io/mendoza/patcher.go:369.2,369.28 1 0
github.com/sanity-io/mendoza/patcher.go:372.66,373.64 1 0
github.com/sanity-io/mendoza/patcher.go:373.64,375.3 1 0
github.com/sanity-io/mendoza/patcher.go:376.2,376.28 1 0
github.com/sanity-io/mendoza/patcher.go:379.58,380.56 1 0
github.com/sanity-io/mendoza/patcher.go:380.56,382.3 1 0
github.com/sanity-io/mendoza/patcher.go:383.2,383.28 1 0
github.com/sanity-io/mendoza/patcher.go:386.59,387.46 1 0
github.com/sanity-io/mendoza/patcher.go:387.46,389.3 1 0
github.com/sanity-io/mendoza/patcher.go:390.2,390.41 1 0
github.com/sanity-io/mendoza/patcher.go:393.55,394.50 1 0
github.com/sanity-io/mendoza/patcher.go:394.50,396.3 1 0
github.com/sanity-io/mendoza/patcher.go:397.2,397.45 1 0
github.com/sanity-io/mendoza/patcher.go:397.45,399.3 1 0
github.com/sanity-io/mendoza/patcher.go:400.2,400.64 1 0
github.com/sanity-io/mendoza/patcher.go:400.64,402.3 1 0
github.com/sanity-io/mendoza/patcher.go:403.2,403.28 1 0
github.com/sanity-io/mendoza/patcher.go:406.57,408.16 2 0
github.com/sanity-io/mendoza/patcher.go:408.16,410.3 1 0
github.com/sanity-io/mendoza/patcher.go:411.2,412.16 2 0
github.com/sanity-io/mendoza/patcher.go:412.16,414.3 1 0
github.com/sanity-io/mendoza/patcher.go:415.2,416.12 2 0
github.com/sanity-io/mendoza/patcher.go:419.56,421.16 2 0
github.com/sanity-io/mendoza/patcher.go:421.16,423.3 1 0
github.com/sanity-io/mendoza/patcher.go:424.2,425.12 2 0
github.com/sanity-io/mendoza/patcher.go:428.56,430.16 2 0
github.com/sanity-io/mendoza/patcher.go:430.16,432.3 1 0
github.com/sanity-io/mendoza/patcher.go:433.2,433.62 1 0
github.com/sanity-io/mendoza/patcher.go:433.62,435.3 1 0
github.com/sanity-io/mendoza/patcher.go:436.2,437.16 2 0
github.com/sanity-io/mendoza/patcher.go:437.16,439.3 1 0
github.com/sanity-io/mendoza/patcher.go:440.2,441.12 2 0
github.com/sanity-io/mendoza/patcher.go:444.58,446.16 2 0
github.com/sanity-io/mendoza/patcher.go:446.16,448.3 1 0
github.com/sanity-io/mendoza/patcher.go:449.2,450.12 2 0
github.com/sanity-io/mendoza/patcher.go:453.57,455.16 2 0
github.com/sanity-io/mendoza/patcher.go:455.16,457.3 1 0
github.com/sanity-io/mendoza/patcher.go:458.2,458.62 1 0
github.com/sanity-io/mendoza/patcher.go:458.62,460.3 1 0
github.com/sanity-io/mendoza/patcher.go:461.2,462.16 2 0
github.com/sanity-io/mendoza/patcher.go:462.16,464.3 1 0
github.com/sanity-io/mendoza/patcher.go:465.2,466.12 2 0
github.com/sanity-io/mendoza/cmd/dozadiff/main.go:11.53,13.16 2 1
github.com/sanity-io/mendoza/cmd/dozadiff/main.go:13.16,15.3 1 1
github.com/sanity-io/mendoza/cmd/dozadiff/main.go:16.2,19.16 4 1
github.com/sanity-io/mendoza/cmd/dozadiff/main.go:19.16,21.3 1 1
github.com/sanity-io/mendoza/cmd/dozadiff/main.go:22.2,22.17 1 1
github.com/sanity-io/mendoza/cmd/dozadiff/main.go:25.44,27.16 2 1
github.com/sanity-io/mendoza/cmd/dozadiff/main.go:27.16,29.3 1 1
github.com/sanity-io/mendoza/cmd/dozadiff/main.go:30.2,31.16 2 1
github.com/sanity-io/mendoza/cmd/dozadiff/main.go:31.16,33.3 1 1
github.com/sanity-io/mendoza/cmd/dozadiff/main.go:35.2,36.16 2 1
github.com/sanity-io/mendoza/cmd/dozadiff/main.go:36.16,38.3 1 0
github.com/sanity-io/mendoza/cmd/dozadiff/main.go:40.2,42.16 3 1
github.com/sanity-io/mendoza/cmd/dozadiff/main.go:42.16,44.3 1 0
github.com/sanity-io/mendoza/cmd/dozadiff/main.go:46.2,46.12 1 1
github.com/sanity-io/mendoza/cmd/dozadiff/main.go:49.13,50.23 1 0
github.com/sanity-io/mendoza/cmd/dozadiff/main.go:50.23,53.3 2 0
github.com/sanity-io/mendoza/cmd/dozadiff/main.go:55.2,56.16 2 0
github.com/sanity-io/mendoza/cmd/dozadiff/main.go:56.16,59.3 2 0
github.com/sanity-io/mendoza/cmd/dozapatch/main.go:11.56,13.16 2 0
github.com/sanity-io/mendoza/cmd/dozapatch/main.go:13.16,15.3 1 0
github.com/sanity-io/mendoza/cmd/dozapatch/main.go:16.2,17.29 2 0
github.com/sanity-io/mendoza/cmd/dozapatch/main.go:20.48,22.58 2 0
github.com/sanity-io/mendoza/cmd/dozapatch/main.go:22.58,24.3 1 0
github.com/sanity-io/mendoza/cmd/dozapatch/main.go:26.2,27.52 2 0
github.com/sanity-io/mendoza/cmd/dozapatch/main.go:27.52,29.3 1 0
github.com/sanity-io/mendoza/cmd/dozapatch/main.go:31.2,34.47 3 0
github.com/sanity-io/mendoza/cmd/dozapatch/main.go:34.47,36.3 1 0
github.com/sanity-io/mendoza/cmd/dozapatch/main.go:38.2,38.12 1 0
github.com/sanity-io/mendoza/cmd/dozapatch/main.go:41.13,42.23 1 0
github.com/sanity-io/mendoza/cmd/dozapatch/main.go:42.23,45.3 2 0
github.com/sanity-io/mendoza/cmd/dozapatch/main.go:47.2,48.16 2 0
github.com/sanity-io/mendoza/cmd/dozapatch/main.go:48.16,51.3 2 0
github.com/sanity-io/mendoza/internal/fuzz/fuzz.go:12.41,16.16 3 0
github.com/sanity-io/mendoza/internal/fuzz/fuzz.go:16.16,17.13 1 0
github.com/sanity-io/mendoza/internal/fuzz/fuzz.go:19.2,20.16 2 0
github.com/sanity-io/mendoza/internal/fuzz/fuzz.go:20.16,21.13 1 0
github.com/sanity-io/mendoza/internal/fuzz/fuzz.go:24.2,24.40 1 0
github.com/sanity-io/mendoza/internal/fuzz/fuzz.go:24.40,25.47 1 0
github.com/sanity-io/mendoza/internal/fuzz/fuzz.go:29.44,31.16 2 0
github.com/sanity-io/mendoza/internal/fuzz/fuzz.go:31.16,32.13 1 0
github.com/sanity-io/mendoza/internal/fuzz/fuzz.go:35.2,36.16 2 0
github.com/sanity-io/mendoza/internal/fuzz/fuzz.go:36.16,37.13 1 0
github.com/sanity-io/mendoza/internal/fuzz/fuzz.go:40.2,40.40 1 0
github.com/sanity-io/mendoza/internal/fuzz/fuzz.go:40.40,41.50 1 0
github.com/sanity-io/mendoza/internal/fuzz/fuzz.go:45.28,46.23 1 0
github.com/sanity-io/mendoza/internal/fuzz/fuzz.go:46.23,48.3 1 0
github.com/sanity-io/mendoza/internal/fuzz/fuzz.go:50.2,54.16 4 0
github.com/sanity-io/mendoza/internal/fuzz/fuzz.go:54.16,56.3 1 0
github.com/sanity-io/mendoza/internal/fuzz/fuzz.go:58.2,59.16 2 0
github.com/sanity-io/mendoza/internal/fuzz/fuzz.go:59.16,61.3 1 0
github.com/sanity-io/mendoza/internal/fuzz/fuzz.go:63.2,64.16 2 0
github.com/sanity-io/mendoza/internal/fuzz/fuzz.go:64.16,65.13 1 0
github.com/sanity-io/mendoza/internal/fuzz/fuzz.go:68.2,69.49 2 0
github.com/sanity-io/mendoza/internal/fuzz/fuzz.go:69.49,70.33 1 0
github.com/sanity-io/mendoza/internal/fuzz/fuzz.go:73.2,74.47 2 0
github.com/sanity-io/mendoza/internal/fuzz/fuzz.go:74.47,75.35 1 0
github.com/sanity-io/mendoza/internal/fuzz/fuzz.go:78.2,83.10 5 0
github.com/sanity-io/mendoza/internal/mendoza/hash_index.go:8.50,14.43 2 1
github.com/sanity-io/mendoza/internal/mendoza/hash_index.go:14.43,17.30 2 1
github.com/sanity-io/mendoza/internal/mendoza/hash_index.go:17.30,18.58 1 1
github.com/sanity-io/mendoza/internal/mendoza/hash_index.go:18.58,25.61 5 1
github.com/sanity-io/mendoza/internal/mendoza/hash_index.go:25.61,27.14 1 0
github.com/sanity-io/mendoza/internal/mendoza/hash_index.go:30.5,30.54 1 1
github.com/sanity-io/mendoza/internal/mendoza/hash_index.go:35.2,35.18 1 1
github.com/sanity-io/mendoza/internal/mendoza/hash_list.go:15.103,18.16 3 1
github.com/sanity-io/mendoza/internal/mendoza/hash_list.go:18.16,20.3 1 0
github.com/sanity-io/mendoza/internal/mendoza/hash_list.go:21.2,21.22 1 1
github.com/sanity-io/mendoza/internal/mendoza/hash_list.go:29.55,31.2 1 1
github.com/sanity-io/mendoza/internal/mendoza/hash_list.go:33.45,35.2 1 0
github.com/sanity-io/mendoza/internal/mendoza/hash_list.go:47.46,50.2 2 1
github.com/sanity-io/mendoza/internal/mendoza/hash_list.go:52.48,55.2 2 1
github.com/sanity-io/mendoza/internal/mendoza/hash_list.go:57.62,60.2 2 1
github.com/sanity-io/mendoza/internal/mendoza/hash_list.go:62.114,67.33 3 1
github.com/sanity-io/mendoza/internal/mendoza/hash_list.go:67.33,69.3 1 0
github.com/sanity-io/mendoza/internal/mendoza/hash_list.go:71.2,78.27 2 1
github.com/sanity-io/mendoza/internal/mendoza/hash_list.go:79.11,81.11 2 0
github.com/sanity-io/mendoza/internal/mendoza/hash_list.go:82.12,83.10 1 0
github.com/sanity-io/mendoza/internal/mendoza/hash_list.go:83.10,85.4 1 0
github.com/sanity-io/mendoza/internal/mendoza/hash_list.go:85.9,87.4 1 0
github.com/sanity-io/mendoza/internal/mendoza/hash_list.go:88.3,88.11 1 0
github.com/sanity-io/mendoza/internal/mendoza/hash_list.go:89.15,91.11 2 0
github.com/sanity-io/mendoza/internal/mendoza/hash_list.go:92.14,94.22 2 1
github.com/sanity-io/mendoza/internal/mendoza/hash_list.go:95.30,101.30 4 1
github.com/sanity-io/mendoza/internal/mendoza/hash_list.go:101.30,105.18 4 1
github.com/sanity-io/mendoza/internal/mendoza/hash_list.go:105.18,107.5 1 0
github.com/sanity-io/mendoza/internal/mendoza/hash_list.go:109.4,111.21 2 1
github.com/sanity-io/mendoza/internal/mendoza/hash_list.go:111.21,114.5 2 1
github.com/sanity-io/mendoza/internal/mendoza/hash_list.go:116.4,119.26 3 1
github.com/sanity-io/mendoza/internal/mendoza/hash_list.go:122.3,122.24 1 1
github.com/sanity-io/mendoza/internal/mendoza/hash_list.go:123.21,128.31 3 0
github.com/sanity-io/mendoza/internal/mendoza/hash_list.go:128.31,132.18 3 0
github.com/sanity-io/mendoza/internal/mendoza/hash_list.go:132.18,134.5 1 0
github.com/sanity-io/mendoza/internal/mendoza/hash_list.go:136.4,138.21 2 0
github.com/sanity-io/mendoza/internal/mendoza/hash_list.go:138.21,141.5 2 0
github.com/sanity-io/mendoza/internal/mendoza/hash_list.go:143.4,145.34 2 0
github.com/sanity-io/mendoza/internal/mendoza/hash_list.go:148.3,148.24 1 0
github.com/sanity-io/mendoza/internal/mendoza/hash_list.go:149.10,150.63 1 0
github.com/sanity-io/mendoza/internal/mendoza/hash_list.go:153.2,158.26 5 1
github.com/sanity-io/mendoza/internal/mendoza/hash_list.go:161.47,166.2 1 1
github.com/sanity-io/mendoza/internal/mendoza/hash_list.go:173.32,175.2 1 1
github.com/sanity-io/mendoza/internal/mendoza/hash_list.go:177.38,179.2 1 1
github.com/sanity-io/mendoza/internal/mendoza/hash_list.go:181.33,183.2 1 1
github.com/sanity-io/mendoza/internal/mendoza/hash_list.go:185.31,187.2 1 1
github.com/sanity-io/mendoza/internal/mendoza/hash_list.go:189.24,191.2 1 1
github.com/sanity-io/mendoza/internal/mendoza/hash_list.go:193.52,195.21 2 1
github.com/sanity-io/mendoza/internal/mendoza/hash_list.go:195.21,197.3 1 1
github.com/sanity-io/mendoza/internal/mendoza/hash_list.go:198.2,199.13 2 1
github.com/sanity-io/mendoza/internal/mendoza/hasher.go:16.32,17.26 1 1
github.com/sanity-io/mendoza/internal/mendoza/hasher.go:17.26,19.3 1 1
github.com/sanity-io/mendoza/internal/mendoza/hasher.go:22.29,23.22 1 1
github.com/sanity-io/mendoza/internal/mendoza/hasher.go:23.22,24.13 1 1
github.com/sanity-io/mendoza/internal/mendoza/hasher.go:24.13,26.4 1 1
github.com/sanity-io/mendoza/internal/mendoza/hasher.go:28.2,28.13 1 1
github.com/sanity-io/mendoza/internal/mendoza/hasher.go:51.31,57.2 3 1
github.com/sanity-io/mendoza/internal/mendoza/hasher.go:59.27,62.2 2 1
github.com/sanity-io/mendoza/internal/mendoza/hasher.go:72.32,76.2 3 1
github.com/sanity-io/mendoza/internal/mendoza/hasher.go:78.34,85.2 6 0
github.com/sanity-io/mendoza/internal/mendoza/hasher.go:87.29,89.2 1 1
github.com/sanity-io/mendoza/internal/mendoza/hasher.go:91.53,95.2 3 1
github.com/sanity-io/mendoza/internal/mendoza/hasher.go:97.43,99.2 1 0
github.com/sanity-io/mendoza/internal/sha256/sha256.go:60.50,62.13 2 0
github.com/sanity-io/mendoza/internal/sha256/sha256.go:62.13,64.3 1 0
github.com/sanity-io/mendoza/internal/sha256/sha256.go:64.8,66.3 1 0
github.com/sanity-io/mendoza/internal/sha256/sha256.go:67.2,78.15 12 0
github.com/sanity-io/mendoza/internal/sha256/sha256.go:81.50,82.137 1 0
github.com/sanity-io/mendoza/internal/sha256/sha256.go:82.137,84.3 1 0
github.com/sanity-io/mendoza/internal/sha256/sha256.go:85.2,85.29 1 0
github.com/sanity-io/mendoza/internal/sha256/sha256.go:85.29,87.3 1 0
github.com/sanity-io/mendoza/internal/sha256/sha256.go:88.2,100.12 13 0
github.com/sanity-io/mendoza/internal/sha256/sha256.go:103.46,107.2 3 0
github.com/sanity-io/mendoza/internal/sha256/sha256.go:109.46,113.2 3 0
github.com/sanity-io/mendoza/internal/sha256/sha256.go:115.47,120.2 3 0
github.com/sanity-io/mendoza/internal/sha256/sha256.go:122.47,126.2 3 0
github.com/sanity-io/mendoza/internal/sha256/sha256.go:128.26,129.14 1 1
github.com/sanity-io/mendoza/internal/sha256/sha256.go:129.14,138.3 8 1
github.com/sanity-io/mendoza/internal/sha256/sha256.go:138.8,147.3 8 0
github.com/sanity-io/mendoza/internal/sha256/sha256.go:148.2,149.11 2 1
github.com/sanity-io/mendoza/internal/sha256/sha256.go:156.20,160.2 3 1
github.com/sanity-io/mendoza/internal/sha256/sha256.go:163.25,168.2 4 0
github.com/sanity-io/mendoza/internal/sha256/sha256.go:170.29,171.14 1 0
github.com/sanity-io/mendoza/internal/sha256/sha256.go:171.14,173.3 1 0
github.com/sanity-io/mendoza/internal/sha256/sha256.go:174.2,174.16 1 0
github.com/sanity-io/mendoza/internal/sha256/sha256.go:177.34,177.54 1 0
github.com/sanity-io/mendoza/internal/sha256/sha256.go:179.54,182.14 3 1
github.com/sanity-io/mendoza/internal/sha256/sha256.go:182.14,185.20 3 1
github.com/sanity-io/mendoza/internal/sha256/sha256.go:185.20,188.4 2 1
github.com/sanity-io/mendoza/internal/sha256/sha256.go:189.3,189.12 1 1
github.com/sanity-io/mendoza/internal/sha256/sha256.go:191.2,191.21 1 1
github.com/sanity-io/mendoza/internal/sha256/sha256.go:191.21,195.3 3 0
github.com/sanity-io/mendoza/internal/sha256/sha256.go:196.2,196.16 1 1
github.com/sanity-io/mendoza/internal/sha256/sha256.go:196.16,198.3 1 1
github.com/sanity-io/mendoza/internal/sha256/sha256.go:199.2,199.8 1 1
github.com/sanity-io/mendoza/internal/sha256/sha256.go:202.40,207.2 3 0
github.com/sanity-io/mendoza/internal/sha256/sha256.go:209.40,214.17 4 1
github.com/sanity-io/mendoza/internal/sha256/sha256.go:214.17,216.3 1 1
github.com/sanity-io/mendoza/internal/sha256/sha256.go:216.8,218.3 1 0
github.com/sanity-io/mendoza/internal/sha256/sha256.go:221.2,225.15 4 1
github.com/sanity-io/mendoza/internal/sha256/sha256.go:225.15,226.21 1 0
github.com/sanity-io/mendoza/internal/sha256/sha256.go:229.2,236.15 6 1
github.com/sanity-io/mendoza/internal/sha256/sha256block.go:80.42,83.22 3 1
github.com/sanity-io/mendoza/internal/sha256/sha256block.go:83.22,86.27 1 1
github.com/sanity-io/mendoza/internal/sha256/sha256block.go:86.27,89.4 2 1
github.com/sanity-io/mendoza/internal/sha256/sha256block.go:90.3,90.28 1 1
github.com/sanity-io/mendoza/internal/sha256/sha256block.go:90.28,96.4 5 1
github.com/sanity-io/mendoza/internal/sha256/sha256block.go:98.3,100.27 2 1
github.com/sanity-io/mendoza/internal/sha256/sha256block.go:100.27,113.4 10 1
github.com/sanity-io/mendoza/internal/sha256/sha256block.go:115.3,124.16 9 1
github.com/sanity-io/mendoza/internal/sha256/sha256block.go:127.2,127.113 1 1
github.com/sanity-io/mendoza/internal/sha256/sha256block_arm64.go:14.35,15.24 1 1
github.com/sanity-io/mendoza/internal/sha256/sha256block_arm64.go:15.24,17.3 1 1
github.com/sanity-io/mendoza/internal/sha256/sha256block_arm64.go:17.8,20.3 2 0
github.com/sanity-io/mendoza/pkg/mendozamsgpack/impl.go:18.51,21.16 3 0
github.com/sanity-io/mendoza/pkg/mendozamsgpack/impl.go:21.16,23.3 1 0
github.com/sanity-io/mendoza/pkg/mendozamsgpack/impl.go:24.2,24.14 1 0
github.com/sanity-io/mendoza/pkg/mendozamsgpack/impl.go:24.14,26.3 1 0
github.com/sanity-io/mendoza/pkg/mendozamsgpack/impl.go:27.2,27.15 1 0
github.com/sanity-io/mendoza/pkg/mendozamsgpack/impl.go:31.52,34.16 3 0
github.com/sanity-io/mendoza/pkg/mendozamsgpack/impl.go:34.16,36.3 1 0
github.com/sanity-io/mendoza/pkg/mendozamsgpack/impl.go:37.2,37.36 1 0
github.com/sanity-io/mendoza/pkg/mendozamsgpack/impl.go:45.43,47.2 1 0
github.com/sanity-io/mendoza/pkg/mendozamsgpack/impl.go:49.40,51.2 1 0
github.com/sanity-io/mendoza/pkg/mendozamsgpack/impl.go:53.45,55.2 1 0
github.com/sanity-io/mendoza/pkg/mendozamsgpack/impl.go:57.49,59.2 1 0
github.com/sanity-io/mendoza/pkg/mendozamsgpack/impl.go:61.70,63.28 2 0
github.com/sanity-io/mendoza/pkg/mendozamsgpack/impl.go:63.28,65.17 2 0
github.com/sanity-io/mendoza/pkg/mendozamsgpack/impl.go:65.17,67.4 1 0
github.com/sanity-io/mendoza/pkg/mendozamsgpack/impl.go:70.2,70.12 1 0
github.com/sanity-io/mendoza/pkg/mendozamsgpack/impl.go:77.44,79.2 1 0
github.com/sanity-io/mendoza/pkg/mendozamsgpack/impl.go:81.41,84.2 2 0
github.com/sanity-io/mendoza/pkg/mendozamsgpack/impl.go:86.46,88.2 1 0
github.com/sanity-io/mendoza/pkg/mendozamsgpack/impl.go:90.50,93.16 3 0
github.com/sanity-io/mendoza/pkg/mendozamsgpack/impl.go:93.16,95.3 1 0
github.com/sanity-io/mendoza/pkg/mendozamsgpack/impl.go:96.2,96.20 1 0
github.com/sanity-io/mendoza/pkg/mendozamsgpack/impl.go:99.70,104.6 3 0
github.com/sanity-io/mendoza/pkg/mendozamsgpack/impl.go:104.6,106.20 2 0
github.com/sanity-io/mendoza/pkg/mendozamsgpack/impl.go:106.20,108.4 1 0
github.com/sanity-io/mendoza/pkg/mendozamsgpack/impl.go:109.3,109.17 1 0
github.com/sanity-io/mendoza/pkg/mendozamsgpack/impl.go:109.17,111.4 1 0
github.com/sanity-io/mendoza/pkg/mendozamsgpack/impl.go:112.3,112.30 1 0
github.com/sanity-io/mendoza/differ.go:18.58,20.2 1 1
github.com/sanity-io/mendoza/differ.go:26.71,28.2 1 1
github.com/sanity-io/mendoza/differ.go:31.77,32.17 1 1
github.com/sanity-io/mendoza/differ.go:32.17,33.19 1 1
github.com/sanity-io/mendoza/differ.go:33.19,35.4 1 1
github.com/sanity-io/mendoza/differ.go:36.3,36.37 1 1
github.com/sanity-io/mendoza/differ.go:39.2,40.16 2 1
github.com/sanity-io/mendoza/differ.go:40.16,42.3 1 0
github.com/sanity-io/mendoza/differ.go:43.2,44.16 2 1
github.com/sanity-io/mendoza/differ.go:44.16,46.3 1 0
github.com/sanity-io/mendoza/differ.go:48.2,54.28 3 1
github.com/sanity-io/mendoza/differ.go:59.90,60.33 1 1
github.com/sanity-io/mendoza/differ.go:60.33,62.3 1 1
github.com/sanity-io/mendoza/differ.go:64.2,64.17 1 1
github.com/sanity-io/mendoza/differ.go:64.17,66.3 1 1
github.com/sanity-io/mendoza/differ.go:68.2,68.18 1 1
github.com/sanity-io/mendoza/differ.go:68.18,70.3 1 1
github.com/sanity-io/mendoza/differ.go:72.2,73.16 2 1
github.com/sanity-io/mendoza/differ.go:73.16,75.3 1 0
github.com/sanity-io/mendoza/differ.go:76.2,77.16 2 1
github.com/sanity-io/mendoza/differ.go:77.16,79.3 1 0
github.com/sanity-io/mendoza/differ.go:81.2,96.53 5 1
github.com/sanity-io/mendoza/differ.go:130.32,133.41 2 1
github.com/sanity-io/mendoza/differ.go:133.41,136.3 1 1
github.com/sanity-io/mendoza/differ.go:138.2,150.22 4 1
github.com/sanity-io/mendoza/differ.go:150.22,152.3 1 1
github.com/sanity-io/mendoza/differ.go:154.2,154.18 1 1
github.com/sanity-io/mendoza/differ.go:165.69,166.21 1 1
github.com/sanity-io/mendoza/differ.go:166.21,170.3 3 1
github.com/sanity-io/mendoza/differ.go:173.55,174.20 1 1
github.com/sanity-io/mendoza/differ.go:174.20,176.3 1 1
github.com/sanity-io/mendoza/differ.go:178.2,180.27 2 1
github.com/sanity-io/mendoza/differ.go:180.27,183.3 2 1
github.com/sanity-io/mendoza/differ.go:185.2,185.29 1 1
github.com/sanity-io/mendoza/differ.go:185.29,188.3 2 1
github.com/sanity-io/mendoza/differ.go:190.2,190.49 1 1
github.com/sanity-io/mendoza/differ.go:190.49,193.3 2 1
github.com/sanity-io/mendoza/differ.go:196.52,197.14 1 1
github.com/sanity-io/mendoza/differ.go:197.14,200.3 2 1
github.com/sanity-io/mendoza/differ.go:202.2,207.33 4 1
github.com/sanity-io/mendoza/differ.go:207.33,209.3 1 1
github.com/sanity-io/mendoza/differ.go:209.8,211.3 1 1
github.com/sanity-io/mendoza/differ.go:213.2,213.29 1 1
github.com/sanity-io/mendoza/differ.go:216.51,217.14 1 1
github.com/sanity-io/mendoza/differ.go:217.14,220.3 1 1
github.com/sanity-io/mendoza/differ.go:222.2,227.33 4 1
github.com/sanity-io/mendoza/differ.go:227.33,229.3 1 1
github.com/sanity-io/mendoza/differ.go:229.8,231.3 1 1
github.com/sanity-io/mendoza/differ.go:233.2,233.29 1 1
github.com/sanity-io/mendoza/differ.go:271.62,276.2 4 1
github.com/sanity-io/mendoza/differ.go:278.99,283.30 3 1
github.com/sanity-io/mendoza/differ.go:283.30,289.3 2 1
github.com/sanity-io/mendoza/differ.go:291.2,291.15 1 1
github.com/sanity-io/mendoza/differ.go:291.15,292.22 1 1
github.com/sanity-io/mendoza/differ.go:292.22,295.4 1 1
github.com/sanity-io/mendoza/differ.go:297.3,297.38 1 0
github.com/sanity-io/mendoza/differ.go:297.38,300.4 1 0
github.com/sanity-io/mendoza/differ.go:303.2,306.3 1 1
github.com/sanity-io/mendoza/differ.go:309.69,312.2 2 1
github.com/sanity-io/mendoza/differ.go:314.95,316.2 1 1
github.com/sanity-io/mendoza/differ.go:318.58,341.27 3 1
github.com/sanity-io/mendoza/differ.go:341.27,342.54 1 1
github.com/sanity-io/mendoza/differ.go:342.54,343.12 1 1
github.com/sanity-io/mendoza/differ.go:346.3,348.40 3 1
github.com/sanity-io/mendoza/differ.go:351.2,354.55 2 1
github.com/sanity-io/mendoza/differ.go:354.55,360.57 4 1
github.com/sanity-io/mendoza/differ.go:360.57,363.29 2 1
github.com/sanity-io/mendoza/differ.go:363.29,364.74 1 1
github.com/sanity-io/mendoza/differ.go:364.74,368.6 3 0
github.com/sanity-io/mendoza/differ.go:373.2,373.55 1 1
github.com/sanity-io/mendoza/differ.go:373.55,377.62 3 1
github.com/sanity-io/mendoza/differ.go:377.62,380.36 2 1
github.com/sanity-io/mendoza/differ.go:380.36,382.45 2 1
github.com/sanity-io/mendoza/differ.go:382.45,384.6 1 1
github.com/sanity-io/mendoza/differ.go:390.2,390.34 1 1
github.com/sanity-io/mendoza/differ.go:390.34,394.56 3 1
github.com/sanity-io/mendoza/differ.go:394.56,400.42 4 1
github.com/sanity-io/mendoza/differ.go:400.42,401.31 1 1
github.com/sanity-io/mendoza/differ.go:401.31,404.24 2 1
github.com/sanity-io/mendoza/differ.go:404.24,405.12 1 1
github.com/sanity-io/mendoza/differ.go:408.6,408.25 1 1
github.com/sanity-io/mendoza/differ.go:408.25,416.12 4 1
github.com/sanity-io/mendoza/differ.go:419.6,419.24 1 1
github.com/sanity-io/mendoza/differ.go:422.4,422.7 1 1
github.com/sanity-io/mendoza/differ.go:426.2,426.55 1 1
github.com/sanity-io/mendoza/differ.go:426.55,428.3 1 1
github.com/sanity-io/mendoza/differ.go:430.2,430.34 1 1
github.com/sanity-io/mendoza/differ.go:430.34,438.62 5 1
github.com/sanity-io/mendoza/differ.go:438.62,440.43 2 1
github.com/sanity-io/mendoza/differ.go:440.44,442.5 0 1
github.com/sanity-io/mendoza/differ.go:442.10,444.5 1 1
github.com/sanity-io/mendoza/differ.go:447.3,452.31 4 1
github.com/sanity-io/mendoza/differ.go:452.31,457.4 1 1
github.com/sanity-io/mendoza/differ.go:459.3,459.13 1 1
github.com/sanity-io/mendoza/differ.go:459.13,461.4 1 1
github.com/sanity-io/mendoza/differ.go:461.9,463.4 1 1
github.com/sanity-io/mendoza/differ.go:465.3,467.13 2 1
github.com/sanity-io/mendoza/differ.go:467.13,469.41 1 1
github.com/sanity-io/mendoza/differ.go:469.41,472.5 2 1
github.com/sanity-io/mendoza/differ.go:475.3,475.56 1 1
github.com/sanity-io/mendoza/differ.go:475.56,479.45 3 1
github.com/sanity-io/mendoza/differ.go:479.45,480.22 1 1
github.com/sanity-io/mendoza/differ.go:480.22,481.17 1 1
github.com/sanity-io/mendoza/differ.go:481.17,485.7 2 1
github.com/sanity-io/mendoza/differ.go:486.11,492.6 2 1
github.com/sanity-io/mendoza/differ.go:493.10,497.72 2 1
github.com/sanity-io/mendoza/differ.go:497.72,498.48 1 1
github.com/sanity-io/mendoza/differ.go:498.48,500.32 1 1
github.com/sanity-io/mendoza/differ.go:500.32,504.42 3 1
github.com/sanity-io/mendoza/differ.go:504.42,507.9 2 1
github.com/sanity-io/mendoza/differ.go:507.14,510.9 2 0
github.com/sanity-io/mendoza/differ.go:511.8,511.23 1 1
github.com/sanity-io/mendoza/differ.go:514.7,514.12 1 1
github.com/sanity-io/mendoza/differ.go:518.5,518.18 1 1
github.com/sanity-io/mendoza/differ.go:518.18,524.6 2 1
github.com/sanity-io/mendoza/differ.go:528.3,529.68 2 1
github.com/sanity-io/mendoza/differ.go:549.64,553.2 3 1
github.com/sanity-io/mendoza/differ.go:555.101,561.34 2 1
github.com/sanity-io/mendoza/differ.go:561.34,564.3 1 0
github.com/sanity-io/mendoza/differ.go:566.2,566.60 1 1
github.com/sanity-io/mendoza/differ.go:566.60,567.46 1 1
github.com/sanity-io/mendoza/differ.go:567.46,576.4 4 1
github.com/sanity-io/mendoza/differ.go:578.3,578.44 1 1
github.com/sanity-io/mendoza/differ.go:578.44,581.10 1 1
github.com/sanity-io/mendoza/differ.go:581.10,585.5 1 0
github.com/sanity-io/mendoza/differ.go:589.2,589.45 1 1
github.com/sanity-io/mendoza/differ.go:589.45,592.3 1 0
github.com/sanity-io/mendoza/differ.go:594.2,597.3 1 1
github.com/sanity-io/mendoza/differ.go:600.60,606.27 3 1
github.com/sanity-io/mendoza/differ.go:606.27,607.56 1 1
github.com/sanity-io/mendoza/differ.go:607.56,608.12 1 1
github.com/sanity-io/mendoza/differ.go:611.3,613.40 3 1
github.com/sanity-io/mendoza/differ.go:616.2,616.55 1 1
github.com/sanity-io/mendoza/differ.go:616.55,620.64 3 1
github.com/sanity-io/mendoza/differ.go:620.64,623.36 2 1
github.com/sanity-io/mendoza/differ.go:623.36,625.45 2 1
github.com/sanity-io/mendoza/differ.go:625.45,627.6 1 1
github.com/sanity-io/mendoza/differ.go:633.2,633.34 1 1
github.com/sanity-io/mendoza/differ.go:633.34,637.56 3 1
github.com/sanity-io/mendoza/differ.go:637.56,638.28 1 1
github.com/sanity-io/mendoza/differ.go:638.28,639.10 1 1
github.com/sanity-io/mendoza/differ.go:642.4,644.62 2 1
github.com/sanity-io/mendoza/differ.go:644.62,653.5 3 1
github.com/sanity-io/mendoza/differ.go:655.4,656.22 2 1
github.com/sanity-io/mendoza/differ.go:660.2,660.55 1 1
github.com/sanity-io/mendoza/differ.go:660.55,662.3 1 1
github.com/sanity-io/mendoza/differ.go:664.2,664.34 1 1
github.com/sanity-io/mendoza/differ.go:664.34,674.56 7 1
github.com/sanity-io/mendoza/differ.go:674.56,678.40 3 1
github.com/sanity-io/mendoza/differ.go:678.40,679.25 1 1
github.com/sanity-io/mendoza/differ.go:679.25,681.6 1 1
github.com/sanity-io/mendoza/differ.go:683.5,683.29 1 1
github.com/sanity-io/mendoza/differ.go:683.30,685.6 0 1
github.com/sanity-io/mendoza/differ.go:685.11,689.6 3 1
github.com/sanity-io/mendoza/differ.go:690.10,693.53 2 1
github.com/sanity-io/mendoza/differ.go:693.53,694.45 1 1
github.com/sanity-io/mendoza/differ.go:694.45,695.34 1 1
github.com/sanity-io/mendoza/differ.go:695.34,702.8 5 1
github.com/sanity-io/mendoza/differ.go:704.7,704.12 1 1
github.com/sanity-io/mendoza/differ.go:708.5,708.18 1 1
github.com/sanity-io/mendoza/differ.go:708.18,711.6 2 1
github.com/sanity-io/mendoza/differ.go:715.3,716.68 2 1
github.com/sanity-io/mendoza/differ.go:723.36,725.31 2 1
github.com/sanity-io/mendoza/differ.go:725.31,728.15 3 1
github.com/sanity-io/mendoza/differ.go:728.15,729.9 1 1
github.com/sanity-io/mendoza/differ.go:731.3,731.12 1 1
github.com/sanity-io/mendoza/differ.go:733.2,733.10 1 1
github.com/sanity-io/mendoza/differ.go:736.48,738.45 2 1
github.com/sanity-io/mendoza/differ.go:738.45,742.15 3 1
github.com/sanity-io/mendoza/differ.go:742.15,743.9 1 1
github.com/sanity-io/mendoza/differ.go:746.3,746.12 1 1
github.com/sanity-io/mendoza/differ.go:748.2,748.10 1 1
github.com/sanity-io/mendoza/differ.go:751.81,752.32 1 1
github.com/sanity-io/mendoza/differ.go:752.32,756.10 3 1
github.com/sanity-io/mendoza/differ.go:756.10,757.12 1 0
github.com/sanity-io/mendoza/differ.go:760.3,760.32 1 1
github.com/sanity-io/mendoza/differ.go:760.32,761.49 1 0
github.com/sanity-io/mendoza/differ.go:764.3,772.17 6 1
github.com/sanity-io/mendoza/differ.go:772.17,775.4 2 1
github.com/sanity-io/mendoza/differ.go:777.3,780.19 3 1
github.com/sanity-io/mendoza/differ.go:780.19,783.4 2 1
github.com/sanity-io/mendoza/differ.go:785.3,785.17 1 1
github.com/sanity-io/mendoza/differ.go:785.17,788.4 2 1
github.com/sanity-io/mendoza/differ.go:790.3,791.72 2 1
github.com/sanity-io/mendoza/format.go:66.37,68.16 2 1
github.com/sanity-io/mendoza/format.go:68.16,70.3 1 1
github.com/sanity-io/mendoza/format.go:72.2,73.14 2 1
github.com/sanity-io/mendoza/format.go:74.17,75.18 1 1
github.com/sanity-io/mendoza/format.go:76.16,77.17 1 0
github.com/sanity-io/mendoza/format.go:78.17,79.18 1 1
github.com/sanity-io/mendoza/format.go:80.27,81.28 1 0
github.com/sanity-io/mendoza/format.go:82.28,83.29 1 1
github.com/sanity-io/mendoza/format.go:84.35,85.36 1 0
github.com/sanity-io/mendoza/format.go:86.21,87.22 1 1
github.com/sanity-io/mendoza/format.go:88.23,89.24 1 0
github.com/sanity-io/mendoza/format.go:90.22,91.23 1 0
github.com/sanity-io/mendoza/format.go:92.15,93.16 1 1
github.com/sanity-io/mendoza/format.go:94.25,95.26 1 1
github.com/sanity-io/mendoza/format.go:96.26,97.27 1 1
github.com/sanity-io/mendoza/format.go:98.27,99.28 1 0
github.com/sanity-io/mendoza/format.go:100.28,101.29 1 1
github.com/sanity-io/mendoza/format.go:102.31,103.32 1 1
github.com/sanity-io/mendoza/format.go:104.38,105.39 1 1
github.com/sanity-io/mendoza/format.go:106.30,107.31 1 1
github.com/sanity-io/mendoza/format.go:108.31,109.32 1 1
github.com/sanity-io/mendoza/format.go:110.27,111.28 1 1
github.com/sanity-io/mendoza/format.go:112.29,113.30 1 1
github.com/sanity-io/mendoza/format.go:114.28,115.29 1 1
github.com/sanity-io/mendoza/format.go:116.28,117.29 1 1
github.com/sanity-io/mendoza/format.go:118.30,119.31 1 1
github.com/sanity-io/mendoza/format.go:120.29,121.30 1 1
github.com/sanity-io/mendoza/format.go:122.10,123.53 1 1
github.com/sanity-io/mendoza/format.go:126.2,127.16 2 1
github.com/sanity-io/mendoza/format.go:127.16,129.3 1 1
github.com/sanity-io/mendoza/format.go:130.2,130.16 1 1
github.com/sanity-io/mendoza/format.go:134.37,137.19 2 1
github.com/sanity-io/mendoza/format.go:138.16,139.19 1 1
github.com/sanity-io/mendoza/format.go:140.15,141.18 1 1
github.com/sanity-io/mendoza/format.go:142.16,143.19 1 1
github.com/sanity-io/mendoza/format.go:144.26,145.29 1 0
github.com/sanity-io/mendoza/format.go:146.27,147.30 1 0
github.com/sanity-io/mendoza/format.go:148.34,149.37 1 0
github.com/sanity-io/mendoza/format.go:150.20,151.23 1 0
github.com/sanity-io/mendoza/format.go:152.22,153.25 1 0
github.com/sanity-io/mendoza/format.go:154.21,155.24 1 0
github.com/sanity-io/mendoza/format.go:156.14,157.17 1 0
github.com/sanity-io/mendoza/format.go:158.24,159.27 1 1
github.com/sanity-io/mendoza/format.go:160.25,161.28 1 1
github.com/sanity-io/mendoza/format.go:162.26,163.29 1 0
github.com/sanity-io/mendoza/format.go:164.27,165.30 1 1
github.com/sanity-io/mendoza/format.go:166.30,167.33 1 1
github.com/sanity-io/mendoza/format.go:168.37,169.40 1 1
github.com/sanity-io/mendoza/format.go:170.29,171.32 1 1
github.com/sanity-io/mendoza/format.go:172.30,173.33 1 1
github.com/sanity-io/mendoza/format.go:174.26,175.29 1 1
github.com/sanity-io/mendoza/format.go:176.28,177.31 1 1
github.com/sanity-io/mendoza/format.go:178.27,179.30 1 1
github.com/sanity-io/mendoza/format.go:180.27,181.30 1 1
github.com/sanity-io/mendoza/format.go:182.29,183.32 1 1
github.com/sanity-io/mendoza/format.go:184.28,185.31 1 1
github.com/sanity-io/mendoza/format.go:188.2,189.16 2 1
github.com/sanity-io/mendoza/format.go:189.16,191.3 1 1
github.com/sanity-io/mendoza/format.go:193.2,194.16 2 1
github.com/sanity-io/mendoza/format.go:194.16,196.3 1 1
github.com/sanity-io/mendoza/format.go:198.2,198.12 1 1
github.com/sanity-io/mendoza/format.go:202.44,203.27 1 1
github.com/sanity-io/mendoza/format.go:203.27,205.17 2 1
github.com/sanity-io/mendoza/format.go:205.17,207.4 1 1
github.com/sanity-io/mendoza/format.go:210.2,210.12 1 1
github.com/sanity-io/mendoza/format.go:213.46,216.6 2 1
github.com/sanity-io/mendoza/format.go:216.6,218.20 2 1
github.com/sanity-io/mendoza/format.go:218.20,219.9 1 1
github.com/sanity-io/mendoza/format.go:222.3,222.17 1 1
github.com/sanity-io/mendoza/format.go:222.17,224.4 1 1
github.com/sanity-io/mendoza/format.go:226.3,226.30 1 1
github.com/sanity-io/mendoza/format.go:229.2,229.12 1 1
github.com/sanity-io/mendoza/format.go:232.61,234.16 2 1
github.com/sanity-io/mendoza/format.go:234.16,236.3 1 1
github.com/sanity-io/mendoza/format.go:238.2,238.16 1 1
github.com/sanity-io/mendoza/format.go:238.16,240.3 1 1
github.com/sanity-io/mendoza/format.go:242.2,242.24 1 1
github.com/sanity-io/mendoza/format.go:245.58,247.16 2 1
github.com/sanity-io/mendoza/format.go:247.16,249.3 1 1
github.com/sanity-io/mendoza/format.go:253.2,253.27 1 1
github.com/sanity-io/mendoza/format.go:254.15,256.19 2 1
github.com/sanity-io/mendoza/format.go:256.19,258.4 1 1
github.com/sanity-io/mendoza/format.go:259.3,259.17 1 1
github.com/sanity-io/mendoza/format.go:259.17,261.4 1 1
github.com/sanity-io/mendoza/format.go:262.3,262.26 1 1
github.com/sanity-io/mendoza/format.go:263.11,264.14 1 1
github.com/sanity-io/mendoza/format.go:264.14,266.4 1 1
github.com/sanity-io/mendoza/format.go:267.3,267.18 1 1
github.com/sanity-io/mendoza/format.go:268.10,269.50 1 1
github.com/sanity-io/mendoza/format.go:273.63,275.16 2 1
github.com/sanity-io/mendoza/format.go:275.16,277.3 1 1
github.com/sanity-io/mendoza/format.go:279.2,280.9 2 1
github.com/sanity-io/mendoza/format.go:280.9,282.3 1 1
github.com/sanity-io/mendoza/format.go:284.2,284.17 1 1
github.com/sanity-io/mendoza/format.go:289.53,292.2 2 1
github.com/sanity-io/mendoza/format.go:294.54,297.2 2 1
github.com/sanity-io/mendoza/format.go:299.52,301.2 1 0
github.com/sanity-io/mendoza/format.go:303.53,305.2 1 0
github.com/sanity-io/mendoza/format.go:307.53,309.2 1 1
github.com/sanity-io/mendoza/format.go:311.54,313.2 1 1
github.com/sanity-io/mendoza/format.go:315.64,318.2 2 1
github.com/sanity-io/mendoza/format.go:320.65,323.2 2 1
github.com/sanity-io/mendoza/format.go:325.71,327.2 1 0
github.com/sanity-io/mendoza/format.go:329.72,331.2 1 0
github.com/sanity-io/mendoza/format.go:333.63,335.2 1 1
github.com/sanity-io/mendoza/format.go:337.64,339.2 1 1
github.com/sanity-io/mendoza/format.go:341.57,344.2 2 1
github.com/sanity-io/mendoza/format.go:346.58,349.2 2 1
github.com/sanity-io/mendoza/format.go:351.59,354.2 2 1
github.com/sanity-io/mendoza/format.go:356.60,359.2 2 1
github.com/sanity-io/mendoza/format.go:361.58,364.2 2 0
github.com/sanity-io/mendoza/format.go:366.59,369.2 2 0
github.com/sanity-io/mendoza/format.go:371.51,373.2 1 1
github.com/sanity-io/mendoza/format.go:375.52,377.2 1 0
github.com/sanity-io/mendoza/format.go:381.61,384.2 2 1
github.com/sanity-io/mendoza/format.go:386.62,389.2 2 1
github.com/sanity-io/mendoza/format.go:391.62,394.2 2 1
github.com/sanity-io/mendoza/format.go:396.63,399.2 2 1
github.com/sanity-io/mendoza/format.go:401.63,404.2 2 0
github.com/sanity-io/mendoza/format.go:406.64,409.2 2 0
github.com/sanity-io/mendoza/format.go:411.64,414.2 2 1
github.com/sanity-io/mendoza/format.go:416.65,419.2 2 1
github.com/sanity-io/mendoza/format.go:421.67,424.2 2 1
github.com/sanity-io/mendoza/format.go:426.68,429.2 2 1
github.com/sanity-io/mendoza/format.go:431.74,433.2 1 1
github.com/sanity-io/mendoza/format.go:435.75,437.2 1 1
github.com/sanity-io/mendoza/format.go:439.66,442.2 2 1
github.com/sanity-io/mendoza/format.go:444.67,447.2 2 1
github.com/sanity-io/mendoza/format.go:449.67,451.16 2 1
github.com/sanity-io/mendoza/format.go:451.16,453.3 1 1
github.com/sanity-io/mendoza/format.go:454.2,455.8 2 1
github.com/sanity-io/mendoza/format.go:458.68,460.16 2 1
github.com/sanity-io/mendoza/format.go:460.16,462.3 1 1
github.com/sanity-io/mendoza/format.go:463.2,464.8 2 1
github.com/sanity-io/mendoza/format.go:467.63,469.16 2 1
github.com/sanity-io/mendoza/format.go:469.16,471.3 1 1
github.com/sanity-io/mendoza/format.go:472.2,472.8 1 1
github.com/sanity-io/mendoza/format.go:475.64,477.16 2 1
github.com/sanity-io/mendoza/format.go:477.16,479.3 1 1
github.com/sanity-io/mendoza/format.go:480.2,480.8 1 1
github.com/sanity-io/mendoza/format.go:483.65,486.2 2 1
github.com/sanity-io/mendoza/format.go:488.66,491.2 2 1
github.com/sanity-io/mendoza/format.go:493.64,496.2 2 1
github.com/sanity-io/mendoza/format.go:498.65,501.2 2 1
github.com/sanity-io/mendoza/format.go:503.64,505.16 2 1
github.com/sanity-io/mendoza/format.go:505.16,507.3 1 1
github.com/sanity-io/mendoza/format.go:508.2,509.8 2 1
github.com/sanity-io/mendoza/format.go:512.65,514.16 2 1
github.com/sanity-io/mendoza/format.go:514.16,516.3 1 1
github.com/sanity-io/mendoza/format.go:517.2,518.8 2 1
github.com/sanity-io/mendoza/format.go:521.66,524.2 2 1
github.com/sanity-io/mendoza/format.go:526.67,529.2 2 1
github.com/sanity-io/mendoza/format.go:531.65,533.16 2 1
github.com/sanity-io/mendoza/format.go:533.16,535.3 1 1
github.com/sanity-io/mendoza/format.go:536.2,537.8 2 1
github.com/sanity-io/mendoza/format.go:540.66,542.16 2 1
github.com/sanity-io/mendoza/format.go:542.16,544.3 1 1
github.com/sanity-io/mendoza/format.go:545.2,546.8 2 1
github.com/sanity-io/mendoza/json.go:15.48,17.2 1 1
github.com/sanity-io/mendoza/json.go:19.45,21.2 1 1
github.com/sanity-io/mendoza/json.go:23.50,25.2 1 1
github.com/sanity-io/mendoza/json.go:27.54,30.16 3 1
github.com/sanity-io/mendoza/json.go:30.16,32.3 1 0
github.com/sanity-io/mendoza/json.go:33.2,34.12 2 1
github.com/sanity-io/mendoza/json.go:37.29,38.24 1 1
github.com/sanity-io/mendoza/json.go:38.24,40.3 1 1
github.com/sanity-io/mendoza/json.go:40.8,42.3 1 1
github.com/sanity-io/mendoza/json.go:45.40,46.24 1 1
github.com/sanity-io/mendoza/json.go:46.24,48.3 1 1
github.com/sanity-io/mendoza/json.go:50.2,51.17 2 1
github.com/sanity-io/mendoza/json.go:58.37,59.19 1 1
github.com/sanity-io/mendoza/json.go:59.19,61.17 2 1
github.com/sanity-io/mendoza/json.go:61.17,63.4 1 0
github.com/sanity-io/mendoza/json.go:64.3,64.27 1 1
github.com/sanity-io/mendoza/json.go:64.27,66.4 1 0
github.com/sanity-io/mendoza/json.go:68.3,68.16 1 1
github.com/sanity-io/mendoza/json.go:71.2,71.12 1 1
github.com/sanity-io/mendoza/json.go:74.49,76.2 1 1
github.com/sanity-io/mendoza/json.go:78.46,80.2 1 1
github.com/sanity-io/mendoza/json.go:82.51,84.2 1 1
github.com/sanity-io/mendoza/json.go:86.55,88.16 2 1
github.com/sanity-io/mendoza/json.go:88.16,90.3 1 1
github.com/sanity-io/mendoza/json.go:91.2,93.16 3 1
github.com/sanity-io/mendoza/json.go:93.16,95.3 1 0
github.com/sanity-io/mendoza/json.go:96.2,96.17 1 1
github.com/sanity-io/mendoza/json.go:99.42,101.16 2 1
github.com/sanity-io/mendoza/json.go:101.16,103.3 1 0
github.com/sanity-io/mendoza/json.go:105.2,105.26 1 1
github.com/sanity-io/mendoza/json.go:105.26,107.3 1 1
github.com/sanity-io/mendoza/json.go:109.2,109.12 1 1
github.com/sanity-io/mendoza/json.go:117.54,119.2 1 1
github.com/sanity-io/mendoza/json.go:121.51,123.2 1 1
github.com/sanity-io/mendoza/json.go:125.56,127.2 1 1
github.com/sanity-io/mendoza/json.go:129.60,130.26 1 1
github.com/sanity-io/mendoza/json.go:130.26,132.3 1 1
github.com/sanity-io/mendoza/json.go:133.2,135.25 3 1
github.com/sanity-io/mendoza/json.go:138.50,141.16 3 1
github.com/sanity-io/mendoza/json.go:141.16,143.3 1 0
github.com/sanity-io/mendoza/json.go:144.2,144.26 1 1
github.com/sanity-io/mendoza/json.go:147.54,153.16 3 1
github.com/sanity-io/mendoza/json.go:153.16,155.3 1 1
github.com/sanity-io/mendoza/json.go:157.2,157.27 1 1
github.com/sanity-io/mendoza/json.go:161.58,164.2 2 1
github.com/sanity-io/mendoza/options.go:14.97,17.2 2 1
github.com/sanity-io/mendoza/patcher.go:36.74,38.2 1 1
github.com/sanity-io/mendoza/patcher.go:44.60,46.2 1 1
github.com/sanity-io/mendoza/patcher.go:50.93,51.21 1 1
github.com/sanity-io/mendoza/patcher.go:51.21,53.3 1 1
github.com/sanity-io/mendoza/patcher.go:55.2,55.32 1 1
github.com/sanity-io/mendoza/patcher.go:55.32,57.3 1 1
github.com/sanity-io/mendoza/patcher.go:59.2,65.27 2 1
github.com/sanity-io/mendoza/patcher.go:65.27,66.40 1 1
github.com/sanity-io/mendoza/patcher.go:66.40,68.4 1 1
github.com/sanity-io/mendoza/patcher.go:71.2,71.24 1 1
github.com/sanity-io/mendoza/patcher.go:76.79,78.16 2 1
github.com/sanity-io/mendoza/patcher.go:78.16,79.13 1 0
github.com/sanity-io/mendoza/patcher.go:81.2,81.15 1 1
github.com/sanity-io/mendoza/patcher.go:84.36,86.2 1 1
github.com/sanity-io/mendoza/patcher.go:88.37,90.2 1 1
github.com/sanity-io/mendoza/patcher.go:92.50,93.34 1 1
github.com/sanity-io/mendoza/patcher.go:93.35,95.3 0 0
github.com/sanity-io/mendoza/patcher.go:97.2,97.55 1 1
github.com/sanity-io/mendoza/patcher.go:100.52,102.2 1 1
github.com/sanity-io/mendoza/patcher.go:104.48,105.33 1 1
github.com/sanity-io/mendoza/patcher.go:105.33,107.3 1 1
github.com/sanity-io/mendoza/patcher.go:109.2,109.32 1 1
github.com/sanity-io/mendoza/patcher.go:109.32,111.3 1 1
github.com/sanity-io/mendoza/patcher.go:113.2,113.35 1 1
github.com/sanity-io/mendoza/patcher.go:113.35,115.3 1 1
github.com/sanity-io/mendoza/patcher.go:117.2,117.21 1 1
github.com/sanity-io/mendoza/patcher.go:120.64,121.25 1 1
github.com/sanity-io/mendoza/patcher.go:121.25,123.10 2 1
github.com/sanity-io/mendoza/patcher.go:123.10,125.4 1 1
github.com/sanity-io/mendoza/patcher.go:126.3,128.24 3 1
github.com/sanity-io/mendoza/patcher.go:128.24,130.4 1 1
github.com/sanity-io/mendoza/patcher.go:131.3,132.28 2 1
github.com/sanity-io/mendoza/patcher.go:132.28,138.4 2 1
github.com/sanity-io/mendoza/patcher.go:139.3,139.24 1 1
github.com/sanity-io/mendoza/patcher.go:142.2,142.41 1 1
github.com/sanity-io/mendoza/patcher.go:142.41,144.3 1 1
github.com/sanity-io/mendoza/patcher.go:146.2,146.31 1 1
github.com/sanity-io/mendoza/patcher.go:149.71,151.9 2 1
github.com/sanity-io/mendoza/patcher.go:151.9,153.3 1 1
github.com/sanity-io/mendoza/patcher.go:154.2,154.17 1 1
github.com/sanity-io/mendoza/patcher.go:157.61,159.9 2 1
github.com/sanity-io/mendoza/patcher.go:159.9,161.3 1 1
github.com/sanity-io/mendoza/patcher.go:162.2,162.17 1 1
github.com/sanity-io/mendoza/patcher.go:165.55,167.9 2 1
github.com/sanity-io/mendoza/patcher.go:167.9,169.3 1 1
github.com/sanity-io/mendoza/patcher.go:170.2,170.17 1 1
github.com/sanity-io/mendoza/patcher.go:173.46,176.2 2 1
github.com/sanity-io/mendoza/patcher.go:178.72,181.33 2 1
github.com/sanity-io/mendoza/patcher.go:181.33,182.26 1 1
github.com/sanity-io/mendoza/patcher.go:182.26,184.4 1 1
github.com/sanity-io/mendoza/patcher.go:184.9,186.11 2 1
github.com/sanity-io/mendoza/patcher.go:186.11,188.5 1 1
github.com/sanity-io/mendoza/patcher.go:189.4,191.26 2 1
github.com/sanity-io/mendoza/patcher.go:191.26,193.5 1 1
github.com/sanity-io/mendoza/patcher.go:194.4,194.30 1 1
github.com/sanity-io/mendoza/patcher.go:198.2,198.34 1 1
github.com/sanity-io/mendoza/patcher.go:201.63,204.25 2 1
github.com/sanity-io/mendoza/patcher.go:204.25,206.10 2 1
github.com/sanity-io/mendoza/patcher.go:206.10,208.4 1 1
github.com/sanity-io/mendoza/patcher.go:209.3,211.21 3 0
github.com/sanity-io/mendoza/patcher.go:214.2,214.34 1 1
github.com/sanity-io/mendoza/patcher.go:217.57,220.25 2 1
github.com/sanity-io/mendoza/patcher.go:220.25,222.10 2 1
github.com/sanity-io/mendoza/patcher.go:222.10,224.4 1 1
github.com/sanity-io/mendoza/patcher.go:225.3,226.21 2 0
github.com/sanity-io/mendoza/patcher.go:229.2,229.35 1 1
github.com/sanity-io/mendoza/patcher.go:232.45,237.2 2 1
github.com/sanity-io/mendoza/patcher.go:239.44,245.2 3 1
github.com/sanity-io/mendoza/patcher.go:247.45,252.2 2 1
github.com/sanity-io/mendoza/patcher.go:254.56,258.16 4 1
github.com/sanity-io/mendoza/patcher.go:258.16,260.3 1 1
github.com/sanity-io/mendoza/patcher.go:261.2,262.12 2 1
github.com/sanity-io/mendoza/patcher.go:265.63,270.16 5 1
github.com/sanity-io/mendoza/patcher.go:270.16,272.3 1 1
github.com/sanity-io/mendoza/patcher.go:273.2,274.12 2 1
github.com/sanity-io/mendoza/patcher.go:277.55,281.16 4 1
github.com/sanity-io/mendoza/patcher.go:281.16,283.3 1 1
github.com/sanity-io/mendoza/patcher.go:284.2,285.12 2 1
github.com/sanity-io/mendoza/patcher.go:288.49,290.16 2 1
github.com/sanity-io/mendoza/patcher.go:290.16,292.3 1 1
github.com/sanity-io/mendoza/patcher.go:293.2,294.34 2 1
github.com/sanity-io/mendoza/patcher.go:294.34,296.3 1 1
github.com/sanity-io/mendoza/patcher.go:297.2,301.12 2 1
github.com/sanity-io/mendoza/patcher.go:304.51,306.16 2 1
github.com/sanity-io/mendoza/patcher.go:306.16,308.3 1 1
github.com/sanity-io/mendoza/patcher.go:309.2,309.42 1 1
github.com/sanity-io/mendoza/patcher.go:309.42,311.3 1 1
github.com/sanity-io/mendoza/patcher.go:312.2,313.34 2 1
github.com/sanity-io/mendoza/patcher.go:313.34,315.3 1 1
github.com/sanity-io/mendoza/patcher.go:316.2,319.12 2 1
github.com/sanity-io/mendoza/patcher.go:322.50,324.41 2 1
github.com/sanity-io/mendoza/patcher.go:324.41,326.3 1 1
github.com/sanity-io/mendoza/patcher.go:327.2,329.12 3 0
github.com/sanity-io/mendoza/patcher.go:332.43,335.2 2 1
github.com/sanity-io/mendoza/patcher.go:337.53,338.50 1 1
github.com/sanity-io/mendoza/patcher.go:338.50,340.3 1 1
github.com/sanity-io/mendoza/patcher.go:341.2,341.29 1 1
github.com/sanity-io/mendoza/patcher.go:344.54,345.50 1 1
github.com/sanity-io/mendoza/patcher.go:345.50,347.3 1 1
github.com/sanity-io/mendoza/patcher.go:348.2,348.30 1 1
github.com/sanity-io/mendoza/patcher.go:351.55,352.52 1 1
github.com/sanity-io/mendoza/patcher.go:352.52,354.3 1 1
github.com/sanity-io/mendoza/patcher.go:355.2,355.29 1 1
github.com/sanity-io/mendoza/patcher.go:358.56,359.52 1 1
github.com/sanity-io/mendoza/patcher.go:359.52,361.3 1 1
github.com/sanity-io/mendoza/patcher.go:362.2,362.30 1 1
github.com/sanity-io/mendoza/patcher.go:365.59,366.57 1 1
github.com/sanity-io/mendoza/patcher.go:366.57,368.3 1 1
github.com/sanity-io/mendoza/patcher.go:369.2,369.28 1 1
github.com/sanity-io/mendoza/patcher.go:372.66,373.64 1 1
github.com/sanity-io/mendoza/patcher.go:373.64,375.3 1 1
github.com/sanity-io/mendoza/patcher.go:376.2,376.28 1 1
github.com/sanity-io/mendoza/patcher.go:379.58,380.56 1 1
github.com/sanity-io/mendoza/patcher.go:380.56,382.3 1 1
github.com/sanity-io/mendoza/patcher.go:383.2,383.28 1 1
github.com/sanity-io/mendoza/patcher.go:386.59,387.46 1 1
github.com/sanity-io/mendoza/patcher.go:387.46,389.3 1 0
github.com/sanity-io/mendoza/patcher.go:390.2,390.41 1 1
github.com/sanity-io/mendoza/patcher.go:393.55,394.50 1 1
github.com/sanity-io/mendoza/patcher.go:394.50,396.3 1 1
github.com/sanity-io/mendoza/patcher.go:397.2,397.45 1 1
github.com/sanity-io/mendoza/patcher.go:397.45,399.3 1 0
github.com/sanity-io/mendoza/patcher.go:400.2,400.64 1 1
github.com/sanity-io/mendoza/patcher.go:400.64,402.3 1 1
github.com/sanity-io/mendoza/patcher.go:403.2,403.28 1 1
github.com/sanity-io/mendoza/patcher.go:406.57,408.16 2 1
github.com/sanity-io/mendoza/patcher.go:408.16,410.3 1 1
github.com/sanity-io/mendoza/patcher.go:411.2,412.16 2 1
github.com/sanity-io/mendoza/patcher.go:412.16,414.3 1 0
github.com/sanity-io/mendoza/patcher.go:415.2,416.12 2 1
github.com/sanity-io/mendoza/patcher.go:419.56,421.16 2 1
github.com/sanity-io/mendoza/patcher.go:421.16,423.3 1 1
github.com/sanity-io/mendoza/patcher.go:424.2,425.12 2 1
github.com/sanity-io/mendoza/patcher.go:428.56,430.16 2 1
github.com/sanity-io/mendoza/patcher.go:430.16,432.3 1 1
github.com/sanity-io/mendoza/patcher.go:433.2,433.62 1 1
github.com/sanity-io/mendoza/patcher.go:433.62,435.3 1 1
github.com/sanity-io/mendoza/patcher.go:436.2,437.16 2 1
github.com/sanity-io/mendoza/patcher.go:437.16,439.3 1 0
github.com/sanity-io/mendoza/patcher.go:440.2,441.12 2 1
github.com/sanity-io/mendoza/patcher.go:444.58,446.16 2 1
github.com/sanity-io/mendoza/patcher.go:446.16,448.3 1 1
github.com/sanity-io/mendoza/patcher.go:449.2,450.12 2 1
github.com/sanity-io/mendoza/patcher.go:453.57,455.16 2 1
github.com/sanity-io/mendoza/patcher.go:455.16,457.3 1 1
github.com/sanity-io/mendoza/patcher.go:458.2,458.62 1 1
github.com/sanity-io/mendoza/patcher.go:458.62,460.3 1 1
github.com/sanity-io/mendoza/patcher.go:461.2,462.16 2 1
github.com/sanity-io/mendoza/patcher.go:462.16,464.3 1 0
github.com/sanity-io/mendoza/patcher.go:465.2,466.12 2 1
github.com/sanity-io/mendoza/cmd/dozadiff/main.go:11.53,13.16 2 0
github.com/sanity-io/mendoza/cmd/dozadiff/main.go:13.16,15.3 1 0
github.com/sanity-io/mendoza/cmd/dozadiff/main.go:16.2,19.16 4 0
github.com/sanity-io/mendoza/cmd/dozadiff/main.go:19.16,21.3 1 0
github.com/sanity-io/mendoza/cmd/dozadiff/main.go:22.2,22.17 1 0
github.com/sanity-io/mendoza/cmd/dozadiff/main.go:25.44,27.16 2 0
github.com/sanity-io/mendoza/cmd/dozadiff/main.go:27.16,29.3 1 0
github.com/sanity-io/mendoza/cmd/dozadiff/main.go:30.2,31.16 2 0
github.com/sanity-io/mendoza/cmd/dozadiff/main.go:31.16,33.3 1 0
github.com/sanity-io/mendoza/cmd/dozadiff/main.go:35.2,36.16 2 0
github.com/sanity-io/mendoza/cmd/dozadiff/main.go:36.16,38.3 1 0
github.com/sanity-io/mendoza/cmd/dozadiff/main.go:40.2,42.16 3 0
github.com/sanity-io/mendoza/cmd/dozadiff/main.go:42.16,44.3 1 0
github.com/sanity-io/mendoza/cmd/dozadiff/main.go:46.2,46.12 1 0
github.com/sanity-io/mendoza/cmd/dozadiff/main.go:49.13,50.23 1 0
github.com/sanity-io/mendoza/cmd/dozadiff/main.go:50.23,53.3 2 0
github.com/sanity-io/mendoza/cmd/dozadiff/main.go:55.2,56.16 2 0
github.com/sanity-io/mendoza/cmd/dozadiff/main.go:56.16,59.3 2 0
github.com/sanity-io/mendoza/cmd/dozapatch/main.go:11.56,13.16 2 0
github.com/sanity-io/mendoza/cmd/dozapatch/main.go:13.16,15.3 1 0
github.com/sanity-io/mendoza/cmd/dozapatch/main.go:16.2,17.29 2 0
github.com/sanity-io/mendoza/cmd/dozapatch/main.go:20.48,22.58 2 0
github.com/sanity-io/mendoza/cmd/dozapatch/main.go:22.58,24.3 1 0
github.com/sanity-io/mendoza/cmd/dozapatch/main.go:26.2,27.52 2 0
github.com/sanity-io/mendoza/cmd/dozapatch/main.go:27.52,29.3 1 0
github.com/sanity-io/mendoza/cmd/dozapatch/main.go:31.2,34.47 3 0
github.com/sanity-io/mendoza/cmd/dozapatch/main.go:34.47,36.3 1 0
github.com/sanity-io/mendoza/cmd/dozapatch/main.go:38.2,38.12 1 0
github.com/sanity-io/mendoza/cmd/dozapatch/main.go:41.13,42.23 1 0
github.com/sanity-io/mendoza/cmd/dozapatch/main.go:42.23,45.3 2 0
github.com/sanity-io/mendoza/cmd/dozapatch/main.go:47.2,48.16 2 0
github.com/sanity-io/mendoza/cmd/dozapatch/main.go:48.16,51.3 2 0
github.com/sanity-io/mendoza/internal/fuzz/fuzz.go:12.41,16.16 3 0
github.com/sanity-io/mendoza/internal/fuzz/fuzz.go:16.16,17.13 1 0
github.com/sanity-io/mendoza/internal/fuzz/fuzz.go:19.2,20.16 2 0
github.com/sanity-io/mendoza/internal/fuzz/fuzz.go:20.16,21.13 1 0
github.com/sanity-io/mendoza/internal/fuzz/fuzz.go:24.2,24.40 1 0
github.com/sanity-io/mendoza/internal/fuzz/fuzz.go:24.40,25.47 1 0
github.com/sanity-io/mendoza/internal/fuzz/fuzz.go:29.44,31.16 2 0
github.com/sanity-io/mendoza/internal/fuzz/fuzz.go:31.16,32.13 1 0
github.com/sanity-io/mendoza/internal/fuzz/fuzz.go:35.2,36.16 2 0
github.com/sanity-io/mendoza/internal/fuzz/fuzz.go:36.16,37.13 1 0
github.com/sanity-io/mendoza/internal/fuzz/fuzz.go:40.2,40.40 1 0
github.com/sanity-io/mendoza/internal/fuzz/fuzz.go:40.40,41.50 1 0
github.com/sanity-io/mendoza/internal/fuzz/fuzz.go:45.28,46.23 1 0
github.com/sanity-io/mendoza/internal/fuzz/fuzz.go:46.23,48.3 1 0
github.com/sanity-io/mendoza/internal/fuzz/fuzz.go:50.2,54.16 4 0
github.com/sanity-io/mendoza/internal/fuzz/fuzz.go:54.16,56.3 1 0
github.com/sanity-io/mendoza/internal/fuzz/fuzz.go:58.2,59.16 2 0
github.com/sanity-io/mendoza/internal/fuzz/fuzz.go:59.16,61.3 1 0
github.com/sanity-io/mendoza/internal/fuzz/fuzz.go:63.2,64.16 2 0
github.com/sanity-io/mendoza/internal/fuzz/fuzz.go:64.16,65.13 1 0
github.com/sanity-io/mendoza/internal/fuzz/fuzz.go:68.2,69.49 2 0
github.com/sanity-io/mendoza/internal/fuzz/fuzz.go:69.49,70.33 1 0
github.com/sanity-io/mendoza/internal/fuzz/fuzz.go:73.2,74.47 2 0
github.com/sanity-io/mendoza/internal/fuzz/fuzz.go:74.47,75.35 1 0
github.com/sanity-io/mendoza/internal/fuzz/fuzz.go:78.2,83.10 5 0
github.com/sanity-io/mendoza/internal/mendoza/hash_index.go:8.50,14.43 2 1
github.com/sanity-io/mendoza/internal/mendoza/hash_index.go:14.43,17.30 2 1
github.com/sanity-io/mendoza/internal/mendoza/hash_index.go:17.30,18.58 1 1
github.com/sanity-io/mendoza/internal/mendoza/hash_index.go:18.58,25.61 5 1
github.com/sanity-io/mendoza/internal/mendoza/hash_index.go:25.61,27.14 1 0
github.com/sanity-io/mendoza/internal/mendoza/hash_index.go:30.5,30.54 1 1
github.com/sanity-io/mendoza/internal/mendoza/hash_index.go:35.2,35.18 1 1
github.com/sanity-io/mendoza/internal/mendoza/hash_list.go:15.103,18.16 3 1
github.com/sanity-io/mendoza/internal/mendoza/hash_list.go:18.16,20.3 1 0
github.com/sanity-io/mendoza/internal/mendoza/hash_list.go:21.2,21.22 1 1
github.com/sanity-io/mendoza/internal/mendoza/hash_list.go:29.55,31.2 1 1
github.com/sanity-io/mendoza/internal/mendoza/hash_list.go:33.45,35.2 1 1
github.com/sanity-io/mendoza/internal/mendoza/hash_list.go:47.46,50.2 2 1
github.com/sanity-io/mendoza/internal/mendoza/hash_list.go:52.48,55.2 2 1
github.com/sanity-io/mendoza/internal/mendoza/hash_list.go:57.62,60.2 2 1
github.com/sanity-io/mendoza/internal/mendoza/hash_list.go:62.114,67.33 3 1
github.com/sanity-io/mendoza/internal/mendoza/hash_list.go:67.33,69.3 1 1
github.com/sanity-io/mendoza/internal/mendoza/hash_list.go:71.2,78.27 2 1
github.com/sanity-io/mendoza/internal/mendoza/hash_list.go:79.11,81.11 2 1
github.com/sanity-io/mendoza/internal/mendoza/hash_list.go:82.12,83.10 1 1
github.com/sanity-io/mendoza/internal/mendoza/hash_list.go:83.10,85.4 1 1
github.com/sanity-io/mendoza/internal/mendoza/hash_list.go:85.9,87.4 1 1
github.com/sanity-io/mendoza/internal/mendoza/hash_list.go:88.3,88.11 1 1
github.com/sanity-io/mendoza/internal/mendoza/hash_list.go:89.15,91.11 2 1
github.com/sanity-io/mendoza/internal/mendoza/hash_list.go:92.14,94.22 2 1
github.com/sanity-io/mendoza/internal/mendoza/hash_list.go:95.30,101.30 4 1
github.com/sanity-io/mendoza/internal/mendoza/hash_list.go:101.30,105.18 4 1
github.com/sanity-io/mendoza/internal/mendoza/hash_list.go:105.18,107.5 1 0
github.com/sanity-io/mendoza/internal/mendoza/hash_list.go:109.4,111.21 2 1
github.com/sanity-io/mendoza/internal/mendoza/hash_list.go:111.21,114.5 2 1
github.com/sanity-io/mendoza/internal/mendoza/hash_list.go:116.4,119.26 3 1
github.com/sanity-io/mendoza/internal/mendoza/hash_list.go:122.3,122.24 1 1
github.com/sanity-io/mendoza/internal/mendoza/hash_list.go:123.21,128.31 3 1
github.com/sanity-io/mendoza/internal/mendoza/hash_list.go:128.31,132.18 3 1
github.com/sanity-io/mendoza/internal/mendoza/hash_list.go:132.18,134.5 1 0
github.com/sanity-io/mendoza/internal/mendoza/hash_list.go:136.4,138.21 2 1
github.com/sanity-io/mendoza/internal/mendoza/hash_list.go:138.21,141.5 2 1
github.com/sanity-io/mendoza/internal/mendoza/hash_list.go:143.4,145.34 2 1
github.com/sanity-io/mendoza/internal/mendoza/hash_list.go:148.3,148.24 1 1
github.com/sanity-io/mendoza/internal/mendoza/hash_list.go:149.10,150.63 1 0
github.com/sanity-io/mendoza/internal/mendoza/hash_list.go:153.2,158.26 5 1
github.com/sanity-io/mendoza/internal/mendoza/hash_list.go:161.47,166.2 1 1
github.com/sanity-io/mendoza/internal/mendoza/hash_list.go:173.32,175.2 1 1
github.com/sanity-io/mendoza/internal/mendoza/hash_list.go:177.38,179.2 1 1
github.com/sanity-io/mendoza/internal/mendoza/hash_list.go:181.33,183.2 1 1
github.com/sanity-io/mendoza/internal/mendoza/hash_list.go:185.31,187.2 1 1
github.com/sanity-io/mendoza/internal/mendoza/hash_list.go:189.24,191.2 1 1
github.com/sanity-io/mendoza/internal/mendoza/hash_list.go:193.52,195.21 2 1
github.com/sanity-io/mendoza/internal/mendoza/hash_list.go:195.21,197.3 1 1
github.com/sanity-io/mendoza/internal/mendoza/hash_list.go:198.2,199.13 2 1
github.com/sanity-io/mendoza/internal/mendoza/hasher.go:16.32,17.26 1 1
github.com/sanity-io/mendoza/internal/mendoza/hasher.go:17.26,19.3 1 1
github.com/sanity-io/mendoza/internal/mendoza/hasher.go:22.29,23.22 1 1
github.com/sanity-io/mendoza/internal/mendoza/hasher.go:23.22,24.13 1 1
github.com/sanity-io/mendoza/internal/mendoza/hasher.go:24.13,26.4 1 1
github.com/sanity-io/mendoza/internal/mendoza/hasher.go:28.2,28.13 1 1
github.com/sanity-io/mendoza/internal/mendoza/hasher.go:51.31,57.2 3 1
github.com/sanity-io/mendoza/internal/mendoza/hasher.go:59.27,62.2 2 1
github.com/sanity-io/mendoza/internal/mendoza/hasher.go:72.32,76.2 3 1
github.com/sanity-io/mendoza/internal/mendoza/hasher.go:78.34,85.2 6 1
github.com/sanity-io/mendoza/internal/mendoza/hasher.go:87.29,89.2 1 1
github.com/sanity-io/mendoza/internal/mendoza/hasher.go:91.53,95.2 3 1
github.com/sanity-io/mendoza/internal/mendoza/hasher.go:97.43,99.2 1 1
github.com/sanity-io/mendoza/internal/sha256/sha256.go:60.50,62.13 2 0
github.com/sanity-io/mendoza/internal/sha256/sha256.go:62.13,64.3 1 0
github.com/sanity-io/mendoza/internal/sha256/sha256.go:64.8,66.3 1 0
github.com/sanity-io/mendoza/internal/sha256/sha256.go:67.2,78.15 12 0
github.com/sanity-io/mendoza/internal/sha256/sha256.go:81.50,82.137 1 0
github.com/sanity-io/mendoza/internal/sha256/sha256.go:82.137,84.3 1 0
github.com/sanity-io/mendoza/internal/sha256/sha256.go:85.2,85.29 1 0
github.com/sanity-io/mendoza/internal/sha256/sha256.go:85.29,87.3 1 0
github.com/sanity-io/mendoza/internal/sha256/sha256.go:88.2,100.12 13 0
github.com/sanity-io/mendoza/internal/sha256/sha256.go:103.46,107.2 3 0
github.com/sanity-io/mendoza/internal/sha256/sha256.go:109.46,113.2 3 0
github.com/sanity-io/mendoza/internal/sha256/sha256.go:115.47,120.2 3 0
github.com/sanity-io/mendoza/internal/sha256/sha256.go:122.47,126.2 3 0
github.com/sanity-io/mendoza/internal/sha256/sha256.go:128.26,129.14 1 1
github.com/sanity-io/mendoza/internal/sha256/sha256.go:129.14,138.3 8 1
github.com/sanity-io/mendoza/internal/sha256/sha256.go:138.8,147.3 8 0
github.com/sanity-io/mendoza/internal/sha256/sha256.go:148.2,149.11 2 1
github.com/sanity-io/mendoza/internal/sha256/sha256.go:156.20,160.2 3 1
github.com/sanity-io/mendoza/internal/sha256/sha256.go:163.25,168.2 4 0
github.com/sanity-io/mendoza/internal/sha256/sha256.go:170.29,171.14 1 0
github.com/sanity-io/mendoza/internal/sha256/sha256.go:171.14,173.3 1 0
github.com/sanity-io/mendoza/internal/sha256/sha256.go:174.2,174.16 1 0
github.com/sanity-io/mendoza/internal/sha256/sha256.go:177.34,177.54 1 0
github.com/sanity-io/mendoza/internal/sha256/sha256.go:179.54,182.14 3 1
github.com/sanity-io/mendoza/internal/sha256/sha256.go:182.14,185.20 3 1
github.com/sanity-io/mendoza/internal/sha256/sha256.go:185.20,188.4 2 1
github.com/sanity-io/mendoza/internal/sha256/sha256.go:189.3,189.12 1 1
github.com/sanity-io/mendoza/internal/sha256/sha256.go:191.2,191.21 1 1
github.com/sanity-io/mendoza/internal/sha256/sha256.go:191.21,195.3 3 0
github.com/sanity-io/mendoza/internal/sha256/sha256.go:196.2,196.16 1 1
github.com/sanity-io/mendoza/internal/sha256/sha256.go:196.16,198.3 1 1
github.com/sanity-io/mendoza/internal/sha256/sha256.go:199.2,199.8 1 1
github.com/sanity-io/mendoza/internal/sha256/sha256.go:202.40,207.2 3 0
github.com/sanity-io/mendoza/internal/sha256/sha256.go:209.40,214.17 4 1
github.com/sanity-io/mendoza/internal/sha256/sha256.go:214.17,216.3 1 1
github.com/sanity-io/mendoza/internal/sha256/sha256.go:216.8,218.3 1 0
github.com/sanity-io/mendoza/internal/sha256/sha256.go:221.2,225.15 4 1
github.com/sanity-io/mendoza/internal/sha256/sha256.go:225.15,226.21 1 0
github.com/sanity-io/mendoza/internal/sha256/sha256.go:229.2,236.15 6 1
github.com/sanity-io/mendoza/internal/sha256/sha256block.go:80.42,83.22 3 1
github.com/sanity-io/mendoza/internal/sha256/sha256block.go:83.22,86.27 1 1
github.com/sanity-io/mendoza/internal/sha256/sha256block.go:86.27,89.4 2 1
github.com/sanity-io/mendoza/internal/sha256/sha256block.go:90.3,90.28 1 1
github.com/sanity-io/mendoza/internal/sha256/sha256block.go:90.28,96.4 5 1
github.com/sanity-io/mendoza/internal/sha256/sha256block.go:98.3,100.27 2 1
github.com/sanity-io/mendoza/internal/sha256/sha256block.go:100.27,113.4 10 1
github.com/sanity-io/mendoza/internal/sha256/sha256block.go:115.3,124.16 9 1
github.com/sanity-io/mendoza/internal/sha256/sha256block.go:127.2,127.113 1 1
github.com/sanity-io/mendoza/internal/sha256/sha256block_arm64.go:14.35,15.24 1 1
github.com/sanity-io/mendoza/internal/sha256/sha256block_arm64.go:15.24,17.3 1 1
github.com/sanity-io/mendoza/internal/sha256/sha256block_arm64.go:17.8,20.3 2 0
github.com/sanity-io/mendoza/pkg/mendozamsgpack/impl.go:18.51,21.16 3 0
github.com/sanity-io/mendoza/pkg/mendozamsgpack/impl.go:21.16,23.3 1 0
github.com/sanity-io/mendoza/pkg/mendozamsgpack/impl.go:24.2,24.14 1 0
github.com/sanity-io/mendoza/pkg/mendozamsgpack/impl.go:24.14,26.3 1 0
github.com/sanity-io/mendoza/pkg/mendozamsgpack/impl.go:27.2,27.15 1 0
github.com/sanity-io/mendoza/pkg/mendozamsgpack/impl.go:31.52,34.16 3 0
github.com/sanity-io/mendoza/pkg/mendozamsgpack/impl.go:34.16,36.3 1 0
github.com/sanity-io/mendoza/pkg/mendozamsgpack/impl.go:37.2,37.36 1 0
github.com/sanity-io/mendoza/pkg/mendozamsgpack/impl.go:45.43,47.2 1 0
github.com/sanity-io/mendoza/pkg/mendozamsgpack/impl.go:49.40,51.2 1 0
github.com/sanity-io/mendoza/pkg/mendozamsgpack/impl.go:53.45,55.2 1 0
github.com/sanity-io/mendoza/pkg/mendozamsgpack/impl.go:57.49,59.2 1 0
github.com/sanity-io/mendoza/pkg/mendozamsgpack/impl.go:61.70,63.28 2 0
github.com/sanity-io/mendoza/pkg/mendozamsgpack/impl.go:63.28,65.17 2 0
github.com/sanity-io/mendoza/pkg/mendozamsgpack/impl.go:65.17,67.4 1 0
github.com/sanity-io/mendoza/pkg/mendozamsgpack/impl.go:70.2,70.12 1 0
github.com/sanity-io/mendoza/pkg/mendozamsgpack/impl.go:77.44,79.2 1 0
github.com/sanity-io/mendoza/pkg/mendozamsgpack/impl.go:81.41,84.2 2 0
github.com/sanity-io/mendoza/pkg/mendozamsgpack/impl.go:86.46,88.2 1 0
github.com/sanity-io/mendoza/pkg/mendozamsgpack/impl.go:90.50,93.16 3 0
github.com/sanity-io/mendoza/pkg/mendozamsgpack/impl.go:93.16,95.3 1 0
github.com/sanity-io/mendoza/pkg/mendozamsgpack/impl.go:96.2,96.20 1 0
github.com/sanity-io/mendoza/pkg/mendozamsgpack/impl.go:99.70,104.6 3 0
github.com/sanity-io/mendoza/pkg/mendozamsgpack/impl.go:104.6,106.20 2 0
github.com/sanity-io/mendoza/pkg/mendozamsgpack/impl.go:106.20,108.4 1 0
github.com/sanity-io/mendoza/pkg/mendozamsgpack/impl.go:109.3,109.17 1 0
github.com/sanity-io/mendoza/pkg/mendozamsgpack/impl.go:109.17,111.4 1 0
github.com/sanity-io/mendoza/pkg/mendozamsgpack/impl.go:112.3,112.30 1 0
